date,total_value,cash,shares,stock_close,state
2020-01-02,100414.35000953675,100414.35000953675,0,239.91,WAITING_PUT_EXPIRY
2020-01-03,100414.35000953675,100414.35000953675,0,236.07,WAITING_PUT_EXPIRY
2020-01-06,100414.35000953675,100414.35000953675,0,237.06,WAITING_PUT_EXPIRY
2020-01-07,100414.35000953675,100414.35000953675,0,239.93,WAITING_PUT_EXPIRY
2020-01-08,100414.35000953675,100414.35000953675,0,240.38,WAITING_PUT_EXPIRY
2020-01-09,100414.35000953675,100414.35000953675,0,243.02,WAITING_PUT_EXPIRY
2020-01-10,100414.35000953675,100414.35000953675,0,244.32,WAITING_PUT_EXPIRY
2020-01-13,100414.35000953675,100414.35000953675,0,251.98,WAITING_PUT_EXPIRY
2020-01-14,100414.35000953675,100414.35000953675,0,247.28,WAITING_PUT_EXPIRY
2020-01-15,100414.35000953675,100414.35000953675,0,245.57,WAITING_PUT_EXPIRY
2020-01-16,100414.35000953675,100414.35000953675,0,248.93,WAITING_PUT_EXPIRY
2020-01-17,100414.35000953675,100414.35000953675,0,249.28,WAITING_PUT_EXPIRY
2020-01-21,100414.35000953675,100414.35000953675,0,247.94,WAITING_PUT_EXPIRY
2020-01-22,100414.35000953675,100414.35000953675,0,250.05,WAITING_PUT_EXPIRY
2020-01-23,100414.35000953675,100414.35000953675,0,252.86,WAITING_PUT_EXPIRY
2020-01-24,100414.35000953675,100414.35000953675,0,250.48,WAITING_PUT_EXPIRY
2020-01-27,100414.35000953675,100414.35000953675,0,240.2,WAITING_PUT_EXPIRY
2020-01-28,100414.35000953675,100414.35000953675,0,247.97,WAITING_PUT_EXPIRY
2020-01-29,100414.35000953675,100414.35000953675,0,245.54,WAITING_PUT_EXPIRY
2020-01-30,100414.35000953675,100414.35000953675,0,245.81,WAITING_PUT_EXPIRY
2020-01-31,101083.69999046327,101083.69999046327,0,236.43,WAITING_PUT_EXPIRY
2020-02-03,101083.69999046327,101083.69999046327,0,240.33,WAITING_PUT_EXPIRY
2020-02-04,101083.69999046327,101083.69999046327,0,247.13,WAITING_PUT_EXPIRY
2020-02-05,101083.69999046327,101083.69999046327,0,250.76,WAITING_PUT_EXPIRY
2020-02-06,101083.69999046327,101083.69999046327,0,254.245,WAITING_PUT_EXPIRY
2020-02-07,101083.69999046327,101083.69999046327,0,251.59,WAITING_PUT_EXPIRY
2020-02-10,101083.69999046327,101083.69999046327,0,262.97,WAITING_PUT_EXPIRY
2020-02-11,101083.69999046327,101083.69999046327,0,267.89,WAITING_PUT_EXPIRY
2020-02-12,101083.69999046327,101083.69999046327,0,272.54,WAITING_PUT_EXPIRY
2020-02-13,101083.69999046327,101083.69999046327,0,270.78,WAITING_PUT_EXPIRY
2020-02-14,101083.69999046327,101083.69999046327,0,289.79,WAITING_PUT_EXPIRY
2020-02-18,101083.69999046327,101083.69999046327,0,296.57,WAITING_PUT_EXPIRY
2020-02-19,101083.69999046327,101083.69999046327,0,314.7,WAITING_PUT_EXPIRY
2020-02-20,101083.69999046327,101083.69999046327,0,308.7,WAITING_PUT_EXPIRY
2020-02-21,101083.69999046327,101083.69999046327,0,294.07,WAITING_PUT_EXPIRY
2020-02-24,101083.69999046327,101083.69999046327,0,273.28,WAITING_PUT_EXPIRY
2020-02-25,101083.69999046327,101083.69999046327,0,262.05,WAITING_PUT_EXPIRY
2020-02-26,101083.69999046327,101083.69999046327,0,267.65,WAITING_PUT_EXPIRY
2020-02-27,101083.69999046327,101083.69999046327,0,252.6,WAITING_PUT_EXPIRY
2020-02-28,102420.54999046327,102420.54999046327,0,270.07,WAITING_PUT_EXPIRY
2020-03-02,102420.54999046327,102420.54999046327,0,276.43,WAITING_PUT_EXPIRY
2020-03-03,102420.54999046327,102420.54999046327,0,265.89,WAITING_PUT_EXPIRY
2020-03-04,102420.54999046327,102420.54999046327,0,284.51,WAITING_PUT_EXPIRY
2020-03-05,102420.54999046327,102420.54999046327,0,273.29,WAITING_PUT_EXPIRY
2020-03-06,102420.54999046327,102420.54999046327,0,266.04,WAITING_PUT_EXPIRY
2020-03-09,102420.54999046327,102420.54999046327,0,245.44,WAITING_PUT_EXPIRY
2020-03-10,102420.54999046327,102420.54999046327,0,261.08,WAITING_PUT_EXPIRY
2020-03-11,102420.54999046327,102420.54999046327,0,246.47,WAITING_PUT_EXPIRY
2020-03-12,102420.54999046327,102420.54999046327,0,216.31,WAITING_PUT_EXPIRY
2020-03-13,102420.54999046327,102420.54999046327,0,240.84,WAITING_PUT_EXPIRY
2020-03-16,102420.54999046327,102420.54999046327,0,196.4,WAITING_PUT_EXPIRY
2020-03-17,102420.54999046327,102420.54999046327,0,217.27,WAITING_PUT_EXPIRY
2020-03-18,102420.54999046327,102420.54999046327,0,202.82,WAITING_PUT_EXPIRY
2020-03-19,102420.54999046327,102420.54999046327,0,212.97,WAITING_PUT_EXPIRY
2020-03-20,102420.54999046327,102420.54999046327,0,205.75,WAITING_PUT_EXPIRY
2020-03-23,102420.54999046327,102420.54999046327,0,212.69,WAITING_PUT_EXPIRY
2020-03-24,102420.54999046327,102420.54999046327,0,249.18,WAITING_PUT_EXPIRY
2020-03-25,102420.54999046327,102420.54999046327,0,245.62,WAITING_PUT_EXPIRY
2020-03-26,102420.54999046327,102420.54999046327,0,257.24,WAITING_PUT_EXPIRY
2020-03-27,102420.54999046327,102420.54999046327,0,252.73,WAITING_PUT_EXPIRY
2020-03-30,102420.54999046327,102420.54999046327,0,265.59,WAITING_PUT_EXPIRY
2020-03-31,102420.54999046327,102420.54999046327,0,263.6,WAITING_PUT_EXPIRY
2020-04-01,102420.54999046327,102420.54999046327,0,243.07,WAITING_PUT_EXPIRY
2020-04-02,102420.54999046327,102420.54999046327,0,255.47,WAITING_PUT_EXPIRY
2020-04-03,103482.39999046328,103482.39999046328,0,243.91,WAITING_PUT_EXPIRY
2020-04-06,103482.39999046328,103482.39999046328,0,268.4,WAITING_PUT_EXPIRY
2020-04-07,103482.39999046328,103482.39999046328,0,259.03,WAITING_PUT_EXPIRY
2020-04-08,103482.39999046328,103482.39999046328,0,266.95,WAITING_PUT_EXPIRY
2020-04-09,103482.39999046328,103482.39999046328,0,262.95,WAITING_PUT_EXPIRY
2020-04-13,103482.39999046328,103482.39999046328,0,269.85,WAITING_PUT_EXPIRY
2020-04-14,103482.39999046328,103482.39999046328,0,283.95,WAITING_PUT_EXPIRY
2020-04-15,103482.39999046328,103482.39999046328,0,280.84,WAITING_PUT_EXPIRY
2020-04-16,103482.39999046328,103482.39999046328,0,294.7,WAITING_PUT_EXPIRY
2020-04-17,103482.39999046328,103482.39999046328,0,292.32,WAITING_PUT_EXPIRY
2020-04-20,103482.39999046328,103482.39999046328,0,287.05,WAITING_PUT_EXPIRY
2020-04-21,103482.39999046328,103482.39999046328,0,269.51,WAITING_PUT_EXPIRY
2020-04-22,103482.39999046328,103482.39999046328,0,286.15,WAITING_PUT_EXPIRY
2020-04-23,103482.39999046328,103482.39999046328,0,284.01,WAITING_PUT_EXPIRY
2020-04-24,103482.39999046328,103482.39999046328,0,289.59,WAITING_PUT_EXPIRY
2020-04-27,103482.39999046328,103482.39999046328,0,297.08,WAITING_PUT_EXPIRY
2020-04-28,103482.39999046328,103482.39999046328,0,291.36,WAITING_PUT_EXPIRY
2020-04-29,103482.39999046328,103482.39999046328,0,298.46,WAITING_PUT_EXPIRY
2020-04-30,103482.39999046328,103482.39999046328,0,292.28,WAITING_PUT_EXPIRY
2020-05-01,104664.25006675723,104664.25006675723,0,282.78,WAITING_PUT_EXPIRY
2020-05-04,104664.25006675723,104664.25006675723,0,291.285,WAITING_PUT_EXPIRY
2020-05-05,104664.25006675723,104664.25006675723,0,293.74,WAITING_PUT_EXPIRY
2020-05-06,104664.25006675723,104664.25006675723,0,297.79,WAITING_PUT_EXPIRY
2020-05-07,104664.25006675723,104664.25006675723,0,304.87,WAITING_PUT_EXPIRY
2020-05-08,104664.25006675723,104664.25006675723,0,312.5,WAITING_PUT_EXPIRY
2020-05-11,104664.25006675723,104664.25006675723,0,322.62,WAITING_PUT_EXPIRY
2020-05-12,104664.25006675723,104664.25006675723,0,312.1,WAITING_PUT_EXPIRY
2020-05-13,104664.25006675723,104664.25006675723,0,311.2,WAITING_PUT_EXPIRY
2020-05-14,104664.25006675723,104664.25006675723,0,321.22,WAITING_PUT_EXPIRY
2020-05-15,104664.25006675723,104664.25006675723,0,339.63,WAITING_PUT_EXPIRY
2020-05-18,104664.25006675723,104664.25006675723,0,350.01,WAITING_PUT_EXPIRY
2020-05-19,104664.25006675723,104664.25006675723,0,352.22,WAITING_PUT_EXPIRY
2020-05-20,104664.25006675723,104664.25006675723,0,358.8,WAITING_PUT_EXPIRY
2020-05-21,104664.25006675723,104664.25006675723,0,351.01,WAITING_PUT_EXPIRY
2020-05-22,104664.25006675723,104664.25006675723,0,361.05,WAITING_PUT_EXPIRY
2020-05-26,104664.25006675723,104664.25006675723,0,348.71,WAITING_PUT_EXPIRY
2020-05-27,104664.25006675723,104664.25006675723,0,341.01,WAITING_PUT_EXPIRY
2020-05-28,104664.25006675723,104664.25006675723,0,339.48,WAITING_PUT_EXPIRY
2020-05-29,104664.25006675723,104664.25006675723,0,355.02,WAITING_PUT_EXPIRY
2020-06-01,104664.25006675723,104664.25006675723,0,352.25,WAITING_PUT_EXPIRY
2020-06-02,104664.25006675723,104664.25006675723,0,353.01,WAITING_PUT_EXPIRY
2020-06-03,104664.25006675723,104664.25006675723,0,350.78,WAITING_PUT_EXPIRY
2020-06-04,104664.25006675723,104664.25006675723,0,350.66,WAITING_PUT_EXPIRY
2020-06-05,105466.10002861026,105466.10002861026,0,356.8,WAITING_PUT_EXPIRY
2020-06-08,105466.10002861026,105466.10002861026,0,352.2,WAITING_PUT_EXPIRY
2020-06-09,105466.10002861026,105466.10002861026,0,361.84,WAITING_PUT_EXPIRY
2020-06-10,105466.10002861026,105466.10002861026,0,374.67,WAITING_PUT_EXPIRY
2020-06-11,105466.10002861026,105466.10002861026,0,351.85,WAITING_PUT_EXPIRY
2020-06-12,105466.10002861026,105466.10002861026,0,357.3,WAITING_PUT_EXPIRY
2020-06-15,105466.10002861026,105466.10002861026,0,366.95,WAITING_PUT_EXPIRY
2020-06-16,105466.10002861026,105466.10002861026,0,362.74,WAITING_PUT_EXPIRY
2020-06-17,105466.10002861026,105466.10002861026,0,369.44,WAITING_PUT_EXPIRY
2020-06-18,105466.10002861026,105466.10002861026,0,368.72,WAITING_PUT_EXPIRY
2020-06-19,105466.10002861026,105466.10002861026,0,370.45,WAITING_PUT_EXPIRY
2020-06-22,105466.10002861026,105466.10002861026,0,381.07,WAITING_PUT_EXPIRY
2020-06-23,105466.10002861026,105466.10002861026,0,378.0,WAITING_PUT_EXPIRY
2020-06-24,105466.10002861026,105466.10002861026,0,369.42,WAITING_PUT_EXPIRY
2020-06-25,105466.10002861026,105466.10002861026,0,379.6,WAITING_PUT_EXPIRY
2020-06-26,105466.10002861026,105466.10002861026,0,366.2,WAITING_PUT_EXPIRY
2020-06-29,105466.10002861026,105466.10002861026,0,368.0,WAITING_PUT_EXPIRY
2020-06-30,105466.10002861026,105466.10002861026,0,379.91,WAITING_PUT_EXPIRY
2020-07-01,105466.10002861026,105466.10002861026,0,381.2,WAITING_PUT_EXPIRY
2020-07-02,106322.95000953678,106322.95000953678,0,384.49,WAITING_PUT_EXPIRY
2020-07-06,106322.95000953678,106322.95000953678,0,393.57,WAITING_PUT_EXPIRY
2020-07-07,106322.95000953678,106322.95000953678,0,394.87,WAITING_PUT_EXPIRY
2020-07-08,106322.95000953678,106322.95000953678,0,408.64,WAITING_PUT_EXPIRY
2020-07-09,106322.95000953678,106322.95000953678,0,420.36,WAITING_PUT_EXPIRY
2020-07-10,106322.95000953678,106322.95000953678,0,419.17,WAITING_PUT_EXPIRY
2020-07-13,106322.95000953678,106322.95000953678,0,402.09,WAITING_PUT_EXPIRY
2020-07-14,106322.95000953678,106322.95000953678,0,415.08,WAITING_PUT_EXPIRY
2020-07-15,106322.95000953678,106322.95000953678,0,409.09,WAITING_PUT_EXPIRY
2020-07-16,106322.95000953678,106322.95000953678,0,405.39,WAITING_PUT_EXPIRY
2020-07-17,106322.95000953678,106322.95000953678,0,408.06,WAITING_PUT_EXPIRY
2020-07-20,106322.95000953678,106322.95000953678,0,420.43,WAITING_PUT_EXPIRY
2020-07-21,106322.95000953678,106322.95000953678,0,413.14,WAITING_PUT_EXPIRY
2020-07-22,106322.95000953678,106322.95000953678,0,417.55,WAITING_PUT_EXPIRY
2020-07-23,106322.95000953678,106322.95000953678,0,405.19,WAITING_PUT_EXPIRY
2020-07-24,106322.95000953678,106322.95000953678,0,407.78,WAITING_PUT_EXPIRY
2020-07-27,106322.95000953678,106322.95000953678,0,416.86,WAITING_PUT_EXPIRY
2020-07-28,106322.95000953678,106322.95000953678,0,408.62,WAITING_PUT_EXPIRY
2020-07-29,106322.95000953678,106322.95000953678,0,418.62,WAITING_PUT_EXPIRY
2020-07-30,106322.95000953678,106322.95000953678,0,424.56,WAITING_PUT_EXPIRY
2020-07-31,107782.30004768376,107782.30004768376,0,424.59,WAITING_PUT_EXPIRY
2020-08-03,107782.30004768376,107782.30004768376,0,440.41,WAITING_PUT_EXPIRY
2020-08-04,107782.30004768376,107782.30004768376,0,449.11,WAITING_PUT_EXPIRY
2020-08-05,107782.30004768376,107782.30004768376,0,451.47,WAITING_PUT_EXPIRY
2020-08-06,107782.30004768376,107782.30004768376,0,453.42,WAITING_PUT_EXPIRY
2020-08-07,107782.30004768376,107782.30004768376,0,447.98,WAITING_PUT_EXPIRY
2020-08-10,107782.30004768376,107782.30004768376,0,446.6,WAITING_PUT_EXPIRY
2020-08-11,107782.30004768376,107782.30004768376,0,434.0,WAITING_PUT_EXPIRY
2020-08-12,107782.30004768376,107782.30004768376,0,457.61,WAITING_PUT_EXPIRY
2020-08-13,107782.30004768376,107782.30004768376,0,457.72,WAITING_PUT_EXPIRY
2020-08-14,107782.30004768376,107782.30004768376,0,462.56,WAITING_PUT_EXPIRY
2020-08-17,107782.30004768376,107782.30004768376,0,493.48,WAITING_PUT_EXPIRY
2020-08-18,107782.30004768376,107782.30004768376,0,490.43,WAITING_PUT_EXPIRY
2020-08-19,107782.30004768376,107782.30004768376,0,485.54,WAITING_PUT_EXPIRY
2020-08-20,107782.30004768376,107782.30004768376,0,485.64,WAITING_PUT_EXPIRY
2020-08-21,107782.30004768376,107782.30004768376,0,507.34,WAITING_PUT_EXPIRY
2020-08-24,107782.30004768376,107782.30004768376,0,508.81,WAITING_PUT_EXPIRY
2020-08-25,107782.30004768376,107782.30004768376,0,510.0,WAITING_PUT_EXPIRY
2020-08-26,107782.30004768376,107782.30004768376,0,510.92,WAITING_PUT_EXPIRY
2020-08-27,107782.30004768376,107782.30004768376,0,505.13,WAITING_PUT_EXPIRY
2020-08-28,107782.30004768376,107782.30004768376,0,525.91,WAITING_PUT_EXPIRY
2020-08-31,107782.30004768376,107782.30004768376,0,534.98,WAITING_PUT_EXPIRY
2020-09-01,107782.30004768376,107782.30004768376,0,552.84,WAITING_PUT_EXPIRY
2020-09-02,107782.30004768376,107782.30004768376,0,573.86,WAITING_PUT_EXPIRY
2020-09-03,107782.30004768376,107782.30004768376,0,520.62,WAITING_PUT_EXPIRY
2020-09-04,109659.1500095368,109659.1500095368,0,504.9,WAITING_PUT_EXPIRY
2020-09-08,109659.1500095368,109659.1500095368,0,476.52,WAITING_PUT_EXPIRY
2020-09-09,109659.1500095368,109659.1500095368,0,508.6,WAITING_PUT_EXPIRY
2020-09-10,109659.1500095368,109659.1500095368,0,492.47,WAITING_PUT_EXPIRY
2020-09-11,109659.1500095368,109659.1500095368,0,486.58,WAITING_PUT_EXPIRY
2020-09-14,109659.1500095368,109659.1500095368,0,514.89,WAITING_PUT_EXPIRY
2020-09-15,109659.1500095368,109659.1500095368,0,519.64,WAITING_PUT_EXPIRY
2020-09-16,109659.1500095368,109659.1500095368,0,500.58,WAITING_PUT_EXPIRY
2020-09-17,109659.1500095368,109659.1500095368,0,498.54,WAITING_PUT_EXPIRY
2020-09-18,109659.1500095368,109659.1500095368,0,487.57,WAITING_PUT_EXPIRY
2020-09-21,109659.1500095368,109659.1500095368,0,500.69,WAITING_PUT_EXPIRY
2020-09-22,109659.1500095368,109659.1500095368,0,505.51,WAITING_PUT_EXPIRY
2020-09-23,109659.1500095368,109659.1500095368,0,484.95,WAITING_PUT_EXPIRY
2020-09-24,109659.1500095368,109659.1500095368,0,493.92,WAITING_PUT_EXPIRY
2020-09-25,109659.1500095368,109659.1500095368,0,514.95,WAITING_PUT_EXPIRY
2020-09-28,109659.1500095368,109659.1500095368,0,521.4,WAITING_PUT_EXPIRY
2020-09-29,109659.1500095368,109659.1500095368,0,529.03,WAITING_PUT_EXPIRY
2020-09-30,109659.1500095368,109659.1500095368,0,541.22,WAITING_PUT_EXPIRY
2020-10-01,109659.1500095368,109659.1500095368,0,544.58,WAITING_PUT_EXPIRY
2020-10-02,111468.50004768377,111468.50004768377,0,522.49,WAITING_PUT_EXPIRY
2020-10-05,111468.50004768377,111468.50004768377,0,545.7,WAITING_PUT_EXPIRY
2020-10-06,111468.50004768377,111468.50004768377,0,549.46,WAITING_PUT_EXPIRY
2020-10-07,111468.50004768377,111468.50004768377,0,558.56,WAITING_PUT_EXPIRY
2020-10-08,111468.50004768377,111468.50004768377,0,553.55,WAITING_PUT_EXPIRY
2020-10-09,111468.50004768377,111468.50004768377,0,550.51,WAITING_PUT_EXPIRY
2020-10-12,111468.50004768377,111468.50004768377,0,569.04,WAITING_PUT_EXPIRY
2020-10-13,111468.50004768377,111468.50004768377,0,569.93,WAITING_PUT_EXPIRY
2020-10-14,111468.50004768377,111468.50004768377,0,563.81,WAITING_PUT_EXPIRY
2020-10-15,111468.50004768377,111468.50004768377,0,558.8,WAITING_PUT_EXPIRY
2020-10-16,111468.50004768377,111468.50004768377,0,552.46,WAITING_PUT_EXPIRY
2020-10-19,111468.50004768377,111468.50004768377,0,539.91,WAITING_PUT_EXPIRY
2020-10-20,111468.50004768377,111468.50004768377,0,545.82,WAITING_PUT_EXPIRY
2020-10-21,111468.50004768377,111468.50004768377,0,540.99,WAITING_PUT_EXPIRY
2020-10-22,111468.50004768377,111468.50004768377,0,534.44,WAITING_PUT_EXPIRY
2020-10-23,111468.50004768377,111468.50004768377,0,543.61,WAITING_PUT_EXPIRY
2020-10-26,111468.50004768377,111468.50004768377,0,525.65,WAITING_PUT_EXPIRY
2020-10-27,111468.50004768377,111468.50004768377,0,535.87,WAITING_PUT_EXPIRY
2020-10-28,111468.50004768377,111468.50004768377,0,505.08,WAITING_PUT_EXPIRY
2020-10-29,111468.50004768377,111468.50004768377,0,520.96,WAITING_PUT_EXPIRY
2020-10-30,111468.50004768377,111468.50004768377,0,501.36,WAITING_PUT_EXPIRY
2020-11-02,111468.50004768377,111468.50004768377,0,503.23,WAITING_PUT_EXPIRY
2020-11-03,111468.50004768377,111468.50004768377,0,520.78,WAITING_PUT_EXPIRY
2020-11-04,111468.50004768377,111468.50004768377,0,551.77,WAITING_PUT_EXPIRY
2020-11-05,111468.50004768377,111468.50004768377,0,566.4,WAITING_PUT_EXPIRY
2020-11-06,113100.35012397773,113100.35012397773,0,582.48,WAITING_PUT_EXPIRY
2020-11-09,113100.35012397773,113100.35012397773,0,545.23,WAITING_PUT_EXPIRY
2020-11-10,113100.35012397773,113100.35012397773,0,510.8,WAITING_PUT_EXPIRY
2020-11-11,113100.35012397773,113100.35012397773,0,536.72,WAITING_PUT_EXPIRY
2020-11-12,113100.35012397773,113100.35012397773,0,538.27,WAITING_PUT_EXPIRY
2020-11-13,113100.35012397773,113100.35012397773,0,531.88,WAITING_PUT_EXPIRY
2020-11-16,113100.35012397773,113100.35012397773,0,540.61,WAITING_PUT_EXPIRY
2020-11-17,113100.35012397773,113100.35012397773,0,536.89,WAITING_PUT_EXPIRY
2020-11-18,113100.35012397773,113100.35012397773,0,537.15,WAITING_PUT_EXPIRY
2020-11-19,113100.35012397773,113100.35012397773,0,537.61,WAITING_PUT_EXPIRY
2020-11-20,113100.35012397773,113100.35012397773,0,523.51,WAITING_PUT_EXPIRY
2020-11-23,113100.35012397773,113100.35012397773,0,525.6,WAITING_PUT_EXPIRY
2020-11-24,113100.35012397773,113100.35012397773,0,518.31,WAITING_PUT_EXPIRY
2020-11-25,113100.35012397773,113100.35012397773,0,529.39,WAITING_PUT_EXPIRY
2020-11-27,113100.35012397773,113100.35012397773,0,530.45,WAITING_PUT_EXPIRY
2020-11-30,113100.35012397773,113100.35012397773,0,536.06,WAITING_PUT_EXPIRY
2020-12-01,113100.35012397773,113100.35012397773,0,535.6,WAITING_PUT_EXPIRY
2020-12-02,113100.35012397773,113100.35012397773,0,541.78,WAITING_PUT_EXPIRY
2020-12-03,113100.35012397773,113100.35012397773,0,535.84,WAITING_PUT_EXPIRY
2020-12-04,113595.20012397773,59362.200123977724,100,542.33,WAITING_CALL_EXPIRY
2020-12-07,113789.20012397773,59362.200123977724,100,544.27,WAITING_CALL_EXPIRY
2020-12-08,112762.20012397773,59362.200123977724,100,534.0,WAITING_CALL_EXPIRY
2020-12-09,111085.20012397773,59362.200123977724,100,517.23,WAITING_CALL_EXPIRY
2020-12-10,111251.20012397773,59362.200123977724,100,518.89,WAITING_CALL_EXPIRY
2020-12-11,111415.20012397773,59362.200123977724,100,520.53,WAITING_CALL_EXPIRY
2020-12-14,112597.20012397773,59362.200123977724,100,532.35,WAITING_CALL_EXPIRY
2020-12-15,112804.20012397772,59362.200123977724,100,534.42,WAITING_CALL_EXPIRY
2020-12-16,112332.20012397773,59362.200123977724,100,529.7,WAITING_CALL_EXPIRY
2020-12-17,112727.20012397773,59362.200123977724,100,533.65,WAITING_CALL_EXPIRY
2020-12-18,112450.20012397773,59362.200123977724,100,530.88,WAITING_CALL_EXPIRY
2020-12-21,112691.20012397773,59362.200123977724,100,533.29,WAITING_CALL_EXPIRY
2020-12-22,112475.20012397773,59362.200123977724,100,531.13,WAITING_CALL_EXPIRY
2020-12-23,111399.20012397773,59362.200123977724,100,520.37,WAITING_CALL_EXPIRY
2020-12-24,111337.20012397773,59362.200123977724,100,519.75,WAITING_CALL_EXPIRY
2020-12-28,110962.20012397773,59362.200123977724,100,516.0,WAITING_CALL_EXPIRY
2020-12-29,111135.20012397773,59362.200123977724,100,517.73,WAITING_CALL_EXPIRY
2020-12-30,111945.20012397773,59362.200123977724,100,525.83,WAITING_CALL_EXPIRY
2020-12-31,112504.05016212471,60284.050162124695,100,522.2,WAITING_CALL_EXPIRY
2021-01-04,112738.0501621247,60284.050162124695,100,524.54,WAITING_CALL_EXPIRY
2021-01-05,113903.05016212471,60284.050162124695,100,536.19,WAITING_CALL_EXPIRY
2021-01-06,110742.0501621247,60284.050162124695,100,504.58,WAITING_CALL_EXPIRY
2021-01-07,113660.0501621247,60284.050162124695,100,533.76,WAITING_CALL_EXPIRY
2021-01-08,113391.05016212471,60284.050162124695,100,531.07,WAITING_CALL_EXPIRY
2021-01-11,114770.0501621247,60284.050162124695,100,544.86,WAITING_CALL_EXPIRY
2021-01-12,114223.0501621247,60284.050162124695,100,539.39,WAITING_CALL_EXPIRY
2021-01-13,114411.0501621247,60284.050162124695,100,541.27,WAITING_CALL_EXPIRY
2021-01-14,113085.0501621247,60284.050162124695,100,528.01,WAITING_CALL_EXPIRY
2021-01-15,111722.0501621247,60284.050162124695,100,514.38,WAITING_CALL_EXPIRY
2021-01-19,112385.0501621247,60284.050162124695,100,521.01,WAITING_CALL_EXPIRY
2021-01-20,113747.0501621247,60284.050162124695,100,534.63,WAITING_CALL_EXPIRY
2021-01-21,115754.05016212471,60284.050162124695,100,554.7,WAITING_CALL_EXPIRY
2021-01-22,115134.0501621247,60284.050162124695,100,548.5,WAITING_CALL_EXPIRY
2021-01-25,114897.0501621247,60284.050162124695,100,546.13,WAITING_CALL_EXPIRY
2021-01-26,114025.0501621247,60284.050162124695,100,537.41,WAITING_CALL_EXPIRY
2021-01-27,111955.0501621247,60284.050162124695,100,516.71,WAITING_CALL_EXPIRY
2021-01-28,112488.0501621247,60284.050162124695,100,522.04,WAITING_CALL_EXPIRY
2021-01-29,113659.90018119817,61700.90018119818,100,519.59,WAITING_CALL_EXPIRY
2021-02-01,114648.90018119817,61700.90018119818,100,529.48,WAITING_CALL_EXPIRY
2021-02-02,115927.90018119817,61700.90018119818,100,542.27,WAITING_CALL_EXPIRY
2021-02-03,115822.90018119817,61700.90018119818,100,541.22,WAITING_CALL_EXPIRY
2021-02-04,116357.90018119819,61700.90018119818,100,546.57,WAITING_CALL_EXPIRY
2021-02-05,116064.90018119817,61700.90018119818,100,543.64,WAITING_CALL_EXPIRY
2021-02-08,119455.90018119817,61700.90018119818,100,577.55,WAITING_CALL_EXPIRY
2021-02-09,118753.90018119817,61700.90018119818,100,570.53,WAITING_CALL_EXPIRY
2021-02-10,120757.90018119819,61700.90018119818,100,590.57,WAITING_CALL_EXPIRY
2021-02-11,122703.90018119817,61700.90018119818,100,610.03,WAITING_CALL_EXPIRY
2021-02-12,121545.90018119819,61700.90018119818,100,598.45,WAITING_CALL_EXPIRY
2021-02-16,123021.90018119817,61700.90018119818,100,613.21,WAITING_CALL_EXPIRY
2021-02-17,121324.90018119817,61700.90018119818,100,596.24,WAITING_CALL_EXPIRY
2021-02-18,121016.90018119817,61700.90018119818,100,593.16,WAITING_CALL_EXPIRY
2021-02-19,121406.90018119817,61700.90018119818,100,597.06,WAITING_CALL_EXPIRY
2021-02-22,119123.90018119817,61700.90018119818,100,574.23,WAITING_CALL_EXPIRY
2021-02-23,118268.90018119817,61700.90018119818,100,565.68,WAITING_CALL_EXPIRY
2021-02-24,119696.90018119817,61700.90018119818,100,579.96,WAITING_CALL_EXPIRY
2021-02-25,114930.90018119817,61700.90018119818,100,532.3,WAITING_CALL_EXPIRY
2021-02-26,116558.90018119819,61700.90018119818,100,548.58,WAITING_CALL_EXPIRY
2021-03-01,117067.90018119817,61700.90018119818,100,553.67,WAITING_CALL_EXPIRY
2021-03-02,115325.90018119817,61700.90018119818,100,536.25,WAITING_CALL_EXPIRY
2021-03-03,112919.90018119819,61700.90018119818,100,512.19,WAITING_CALL_EXPIRY
2021-03-04,111181.90018119817,61700.90018119818,100,494.81,WAITING_CALL_EXPIRY
2021-03-05,112681.25021934515,62835.25021934515,100,498.46,WAITING_CALL_EXPIRY
2021-03-08,109208.25021934515,62835.25021934515,100,463.73,WAITING_CALL_EXPIRY
2021-03-09,112916.25021934515,62835.25021934515,100,500.81,WAITING_CALL_EXPIRY
2021-03-10,112708.25021934515,62835.25021934515,100,498.73,WAITING_CALL_EXPIRY
2021-03-11,114809.25021934515,62835.25021934515,100,519.74,WAITING_CALL_EXPIRY
2021-03-12,114259.25021934515,62835.25021934515,100,514.24,WAITING_CALL_EXPIRY
2021-03-15,115600.25021934515,62835.25021934515,100,527.65,WAITING_CALL_EXPIRY
2021-03-16,116000.25021934515,62835.25021934515,100,531.65,WAITING_CALL_EXPIRY
2021-03-17,116200.25021934515,62835.25021934515,100,533.65,WAITING_CALL_EXPIRY
2021-03-18,113725.25021934515,62835.25021934515,100,508.9,WAITING_CALL_EXPIRY
2021-03-19,114218.25021934515,62835.25021934515,100,513.83,WAITING_CALL_EXPIRY
2021-03-22,115580.25021934515,62835.25021934515,100,527.45,WAITING_CALL_EXPIRY
2021-03-23,115118.25021934515,62835.25021934515,100,522.83,WAITING_CALL_EXPIRY
2021-03-24,113407.25021934515,62835.25021934515,100,505.72,WAITING_CALL_EXPIRY
2021-03-25,112976.25021934515,62835.25021934515,100,501.41,WAITING_CALL_EXPIRY
2021-03-26,114192.25021934515,62835.25021934515,100,513.57,WAITING_CALL_EXPIRY
2021-03-29,114628.25021934515,62835.25021934515,100,517.93,WAITING_CALL_EXPIRY
2021-03-30,114322.25021934515,62835.25021934515,100,514.87,WAITING_CALL_EXPIRY
2021-03-31,116228.25021934515,62835.25021934515,100,533.93,WAITING_CALL_EXPIRY
2021-04-01,118082.25021934515,62835.25021934515,100,552.47,WAITING_CALL_EXPIRY
2021-04-05,118785.25021934515,62835.25021934515,100,559.5,WAITING_CALL_EXPIRY
2021-04-06,118281.25021934515,62835.25021934515,100,554.46,WAITING_CALL_EXPIRY
2021-04-07,119409.25021934515,62835.25021934515,100,565.74,WAITING_CALL_EXPIRY
2021-04-08,120103.25021934515,62835.25021934515,100,572.68,WAITING_CALL_EXPIRY
2021-04-09,117749.60018119818,117749.60018119818,0,576.0,WAITING_PUT_EXPIRY
2021-04-12,117749.60018119818,117749.60018119818,0,608.36,WAITING_PUT_EXPIRY
2021-04-13,117749.60018119818,117749.60018119818,0,627.18,WAITING_PUT_EXPIRY
2021-04-14,117749.60018119818,117749.60018119818,0,611.08,WAITING_PUT_EXPIRY
2021-04-15,117749.60018119818,117749.60018119818,0,645.49,WAITING_PUT_EXPIRY
2021-04-16,117749.60018119818,117749.60018119818,0,636.5,WAITING_PUT_EXPIRY
2021-04-19,117749.60018119818,117749.60018119818,0,614.47,WAITING_PUT_EXPIRY
2021-04-20,117749.60018119818,117749.60018119818,0,606.85,WAITING_PUT_EXPIRY
2021-04-21,117749.60018119818,117749.60018119818,0,614.42,WAITING_PUT_EXPIRY
2021-04-22,117749.60018119818,117749.60018119818,0,594.01,WAITING_PUT_EXPIRY
2021-04-23,117749.60018119818,117749.60018119818,0,610.61,WAITING_PUT_EXPIRY
2021-04-26,117749.60018119818,117749.60018119818,0,619.12,WAITING_PUT_EXPIRY
2021-04-27,117749.60018119818,117749.60018119818,0,615.27,WAITING_PUT_EXPIRY
2021-04-28,117749.60018119818,117749.60018119818,0,611.07,WAITING_PUT_EXPIRY
2021-04-29,117749.60018119818,117749.60018119818,0,612.99,WAITING_PUT_EXPIRY
2021-04-30,117749.60018119818,117749.60018119818,0,600.38,WAITING_PUT_EXPIRY
2021-05-03,117749.60018119818,117749.60018119818,0,593.47,WAITING_PUT_EXPIRY
2021-05-04,117749.60018119818,117749.60018119818,0,574.05,WAITING_PUT_EXPIRY
2021-05-05,117749.60018119818,117749.60018119818,0,578.34,WAITING_PUT_EXPIRY
2021-05-06,117749.60018119818,117749.60018119818,0,580.92,WAITING_PUT_EXPIRY
2021-05-07,117749.60018119818,117749.60018119818,0,592.49,WAITING_PUT_EXPIRY
2021-05-10,117749.60018119818,117749.60018119818,0,570.63,WAITING_PUT_EXPIRY
2021-05-11,117749.60018119818,117749.60018119818,0,572.25,WAITING_PUT_EXPIRY
2021-05-12,117749.60018119818,117749.60018119818,0,550.34,WAITING_PUT_EXPIRY
2021-05-13,117749.60018119818,117749.60018119818,0,546.61,WAITING_PUT_EXPIRY
2021-05-14,119103.95020027168,119103.95020027168,0,569.72,WAITING_PUT_EXPIRY
2021-05-17,119103.95020027168,119103.95020027168,0,566.62,WAITING_PUT_EXPIRY
2021-05-18,119103.95020027168,119103.95020027168,0,560.63,WAITING_PUT_EXPIRY
2021-05-19,119103.95020027168,119103.95020027168,0,562.63,WAITING_PUT_EXPIRY
2021-05-20,119103.95020027168,119103.95020027168,0,584.5,WAITING_PUT_EXPIRY
2021-05-21,119103.95020027168,119103.95020027168,0,599.67,WAITING_PUT_EXPIRY
2021-05-24,119103.95020027168,119103.95020027168,0,624.48,WAITING_PUT_EXPIRY
2021-05-25,119103.95020027168,119103.95020027168,0,625.91,WAITING_PUT_EXPIRY
2021-05-26,119103.95020027168,119103.95020027168,0,628.0,WAITING_PUT_EXPIRY
2021-05-27,119103.95020027168,119103.95020027168,0,619.52,WAITING_PUT_EXPIRY
2021-05-28,119103.95020027168,119103.95020027168,0,649.78,WAITING_PUT_EXPIRY
2021-06-01,119103.95020027168,119103.95020027168,0,650.58,WAITING_PUT_EXPIRY
2021-06-02,119103.95020027168,119103.95020027168,0,671.13,WAITING_PUT_EXPIRY
2021-06-03,119103.95020027168,119103.95020027168,0,678.79,WAITING_PUT_EXPIRY
2021-06-04,119103.95020027168,119103.95020027168,0,703.13,WAITING_PUT_EXPIRY
2021-06-07,119103.95020027168,119103.95020027168,0,704.76,WAITING_PUT_EXPIRY
2021-06-08,119103.95020027168,119103.95020027168,0,698.28,WAITING_PUT_EXPIRY
2021-06-09,119103.95020027168,119103.95020027168,0,694.33,WAITING_PUT_EXPIRY
2021-06-10,119103.95020027168,119103.95020027168,0,697.0,WAITING_PUT_EXPIRY
2021-06-11,120365.80020027168,120365.80020027168,0,713.01,WAITING_PUT_EXPIRY
2021-06-14,120365.80020027168,120365.80020027168,0,720.75,WAITING_PUT_EXPIRY
2021-06-15,120365.80020027168,120365.80020027168,0,711.54,WAITING_PUT_EXPIRY
2021-06-16,120365.80020027168,120365.80020027168,0,712.41,WAITING_PUT_EXPIRY
2021-06-17,120365.80020027168,120365.80020027168,0,746.29,WAITING_PUT_EXPIRY
2021-06-18,120365.80020027168,120365.80020027168,0,745.55,WAITING_PUT_EXPIRY
2021-06-21,120365.80020027168,120365.80020027168,0,737.09,WAITING_PUT_EXPIRY
2021-06-22,120365.80020027168,120365.80020027168,0,755.47,WAITING_PUT_EXPIRY
2021-06-23,120365.80020027168,120365.80020027168,0,762.29,WAITING_PUT_EXPIRY
2021-06-24,120365.80020027168,120365.80020027168,0,768.22,WAITING_PUT_EXPIRY
2021-06-25,120365.80020027168,120365.80020027168,0,761.24,WAITING_PUT_EXPIRY
2021-06-28,120365.80020027168,120365.80020027168,0,799.4,WAITING_PUT_EXPIRY
2021-06-29,120365.80020027168,120365.80020027168,0,801.07,WAITING_PUT_EXPIRY
2021-06-30,120365.80020027168,120365.80020027168,0,800.1,WAITING_PUT_EXPIRY
2021-07-01,120365.80020027168,120365.80020027168,0,808.48,WAITING_PUT_EXPIRY
2021-07-02,120365.80020027168,120365.80020027168,0,819.48,WAITING_PUT_EXPIRY
2021-07-06,120365.80020027168,120365.80020027168,0,827.94,WAITING_PUT_EXPIRY
2021-07-07,120365.80020027168,120365.80020027168,0,814.87,WAITING_PUT_EXPIRY
2021-07-08,120365.80020027168,120365.80020027168,0,796.11,WAITING_PUT_EXPIRY
2021-07-09,122280.15035285958,122280.15035285958,0,802.01,WAITING_PUT_EXPIRY
2021-07-12,122280.15035285958,122280.15035285958,0,820.5,WAITING_PUT_EXPIRY
2021-07-13,122280.15035285958,122280.15035285958,0,810.0,WAITING_PUT_EXPIRY
2021-07-14,122280.15035285958,122280.15035285958,0,793.66,WAITING_PUT_EXPIRY
2021-07-15,122280.15035285958,122280.15035285958,0,758.65,WAITING_PUT_EXPIRY
2021-07-16,122280.15035285958,122280.15035285958,0,726.44,WAITING_PUT_EXPIRY
2021-07-19,122280.15035285958,122280.15035285958,0,751.19,WAITING_PUT_EXPIRY
2021-07-20,122280.15035285958,122280.15035285958,0,186.12,WAITING_PUT_EXPIRY
2021-07-21,122280.15035285958,122280.15035285958,0,194.1,WAITING_PUT_EXPIRY
2021-07-22,122280.15035285958,122280.15035285958,0,195.94,WAITING_PUT_EXPIRY
2021-07-23,122280.15035285958,122280.15035285958,0,195.58,WAITING_PUT_EXPIRY
2021-07-26,122280.15035285958,122280.15035285958,0,192.94,WAITING_PUT_EXPIRY
2021-07-27,122280.15035285958,122280.15035285958,0,192.08,WAITING_PUT_EXPIRY
2021-07-28,122280.15035285958,122280.15035285958,0,195.03,WAITING_PUT_EXPIRY
2021-07-29,122280.15035285958,122280.15035285958,0,196.62,WAITING_PUT_EXPIRY
2021-07-30,122280.15035285958,122280.15035285958,0,194.99,WAITING_PUT_EXPIRY
2021-08-02,122280.15035285958,122280.15035285958,0,197.5,WAITING_PUT_EXPIRY
2021-08-03,122280.15035285958,122280.15035285958,0,198.15,WAITING_PUT_EXPIRY
2021-08-04,122280.15035285958,122280.15035285958,0,202.74,WAITING_PUT_EXPIRY
2021-08-05,122280.15035285958,122280.15035285958,0,206.37,WAITING_PUT_EXPIRY
2021-08-06,122739.50034332284,122739.50034332284,0,203.66,WAITING_PUT_EXPIRY
2021-08-09,122739.50034332284,122739.50034332284,0,202.95,WAITING_PUT_EXPIRY
2021-08-10,122739.50034332284,122739.50034332284,0,199.36,WAITING_PUT_EXPIRY
2021-08-11,122739.50034332284,122739.50034332284,0,196.99,WAITING_PUT_EXPIRY
2021-08-12,122739.50034332284,122739.50034332284,0,199.05,WAITING_PUT_EXPIRY
2021-08-13,122739.50034332284,122739.50034332284,0,201.88,WAITING_PUT_EXPIRY
2021-08-16,122739.50034332284,122739.50034332284,0,199.5,WAITING_PUT_EXPIRY
2021-08-17,122739.50034332284,122739.50034332284,0,194.58,WAITING_PUT_EXPIRY
2021-08-18,122739.50034332284,122739.50034332284,0,190.4,WAITING_PUT_EXPIRY
2021-08-19,122739.50034332284,122739.50034332284,0,197.98,WAITING_PUT_EXPIRY
2021-08-20,122739.50034332284,122739.50034332284,0,208.16,WAITING_PUT_EXPIRY
2021-08-23,122739.50034332284,122739.50034332284,0,219.58,WAITING_PUT_EXPIRY
2021-08-24,122739.50034332284,122739.50034332284,0,217.93,WAITING_PUT_EXPIRY
2021-08-25,122739.50034332284,122739.50034332284,0,222.13,WAITING_PUT_EXPIRY
2021-08-26,122739.50034332284,122739.50034332284,0,220.68,WAITING_PUT_EXPIRY
2021-08-27,122739.50034332284,122739.50034332284,0,226.36,WAITING_PUT_EXPIRY
2021-08-30,122739.50034332284,122739.50034332284,0,226.88,WAITING_PUT_EXPIRY
2021-08-31,122739.50034332284,122739.50034332284,0,223.85,WAITING_PUT_EXPIRY
2021-09-01,122739.50034332284,122739.50034332284,0,224.41,WAITING_PUT_EXPIRY
2021-09-02,122739.50034332284,122739.50034332284,0,223.96,WAITING_PUT_EXPIRY
2021-09-03,122739.50034332284,122739.50034332284,0,228.43,WAITING_PUT_EXPIRY
2021-09-07,122739.50034332284,122739.50034332284,0,226.62,WAITING_PUT_EXPIRY
2021-09-08,122739.50034332284,122739.50034332284,0,223.39,WAITING_PUT_EXPIRY
2021-09-09,122739.50034332284,122739.50034332284,0,221.77,WAITING_PUT_EXPIRY
2021-09-10,123248.85038146982,123248.85038146982,0,224.78,WAITING_PUT_EXPIRY
2021-09-13,123248.85038146982,123248.85038146982,0,221.52,WAITING_PUT_EXPIRY
2021-09-14,123248.85038146982,123248.85038146982,0,222.42,WAITING_PUT_EXPIRY
2021-09-15,123248.85038146982,123248.85038146982,0,223.41,WAITING_PUT_EXPIRY
2021-09-16,123248.85038146982,123248.85038146982,0,222.42,WAITING_PUT_EXPIRY
2021-09-17,123248.85038146982,123248.85038146982,0,219.0,WAITING_PUT_EXPIRY
2021-09-20,123248.85038146982,123248.85038146982,0,211.13,WAITING_PUT_EXPIRY
2021-09-21,123248.85038146982,123248.85038146982,0,212.46,WAITING_PUT_EXPIRY
2021-09-22,123248.85038146982,123248.85038146982,0,219.41,WAITING_PUT_EXPIRY
2021-09-23,123248.85038146982,123248.85038146982,0,224.82,WAITING_PUT_EXPIRY
2021-09-24,123248.85038146982,123248.85038146982,0,220.81,WAITING_PUT_EXPIRY
2021-09-27,123248.85038146982,123248.85038146982,0,216.6,WAITING_PUT_EXPIRY
2021-09-28,123248.85038146982,123248.85038146982,0,206.99,WAITING_PUT_EXPIRY
2021-09-29,123248.85038146982,123248.85038146982,0,205.17,WAITING_PUT_EXPIRY
2021-09-30,123248.85038146982,123248.85038146982,0,207.16,WAITING_PUT_EXPIRY
2021-10-01,123248.85038146982,123248.85038146982,0,207.42,WAITING_PUT_EXPIRY
2021-10-04,123248.85038146982,123248.85038146982,0,197.32,WAITING_PUT_EXPIRY
2021-10-05,123248.85038146982,123248.85038146982,0,204.51,WAITING_PUT_EXPIRY
2021-10-06,123248.85038146982,123248.85038146982,0,207.0,WAITING_PUT_EXPIRY
2021-10-07,123248.85038146982,123248.85038146982,0,210.75,WAITING_PUT_EXPIRY
2021-10-08,123248.85038146982,123248.85038146982,0,208.31,WAITING_PUT_EXPIRY
2021-10-11,123248.85038146982,123248.85038146982,0,206.95,WAITING_PUT_EXPIRY
2021-10-12,123248.85038146982,123248.85038146982,0,206.71,WAITING_PUT_EXPIRY
2021-10-13,123248.85038146982,123248.85038146982,0,209.39,WAITING_PUT_EXPIRY
2021-10-14,123248.85038146982,123248.85038146982,0,217.46,WAITING_PUT_EXPIRY
2021-10-15,123643.2003862382,123643.2003862382,0,218.62,WAITING_PUT_EXPIRY
2021-10-18,123643.2003862382,123643.2003862382,0,222.22,WAITING_PUT_EXPIRY
2021-10-19,123643.2003862382,123643.2003862382,0,222.9,WAITING_PUT_EXPIRY
2021-10-20,123643.2003862382,123643.2003862382,0,221.03,WAITING_PUT_EXPIRY
2021-10-21,123643.2003862382,123643.2003862382,0,226.92,WAITING_PUT_EXPIRY
2021-10-22,123643.2003862382,123643.2003862382,0,227.26,WAITING_PUT_EXPIRY
2021-10-25,123643.2003862382,123643.2003862382,0,231.66,WAITING_PUT_EXPIRY
2021-10-26,123643.2003862382,123643.2003862382,0,247.17,WAITING_PUT_EXPIRY
2021-10-27,123643.2003862382,123643.2003862382,0,244.51,WAITING_PUT_EXPIRY
2021-10-28,123643.2003862382,123643.2003862382,0,249.41,WAITING_PUT_EXPIRY
2021-10-29,123643.2003862382,123643.2003862382,0,255.67,WAITING_PUT_EXPIRY
2021-11-01,123643.2003862382,123643.2003862382,0,258.27,WAITING_PUT_EXPIRY
2021-11-02,123643.2003862382,123643.2003862382,0,264.01,WAITING_PUT_EXPIRY
2021-11-03,123643.2003862382,123643.2003862382,0,265.98,WAITING_PUT_EXPIRY
2021-11-04,123643.2003862382,123643.2003862382,0,298.01,WAITING_PUT_EXPIRY
2021-11-05,123643.2003862382,123643.2003862382,0,297.52,WAITING_PUT_EXPIRY
2021-11-08,123643.2003862382,123643.2003862382,0,308.04,WAITING_PUT_EXPIRY
2021-11-09,123643.2003862382,123643.2003862382,0,306.57,WAITING_PUT_EXPIRY
2021-11-10,123643.2003862382,123643.2003862382,0,294.59,WAITING_PUT_EXPIRY
2021-11-11,123643.2003862382,123643.2003862382,0,303.9,WAITING_PUT_EXPIRY
2021-11-12,124545.05034809123,124545.05034809123,0,303.9,WAITING_PUT_EXPIRY
2021-11-15,124545.05034809123,124545.05034809123,0,300.25,WAITING_PUT_EXPIRY
2021-11-16,124545.05034809123,124545.05034809123,0,302.03,WAITING_PUT_EXPIRY
2021-11-17,124545.05034809123,124545.05034809123,0,292.61,WAITING_PUT_EXPIRY
2021-11-18,124545.05034809123,124545.05034809123,0,316.75,WAITING_PUT_EXPIRY
2021-11-19,124545.05034809123,124545.05034809123,0,329.85,WAITING_PUT_EXPIRY
2021-11-22,124545.05034809123,124545.05034809123,0,319.56,WAITING_PUT_EXPIRY
2021-11-23,124545.05034809123,124545.05034809123,0,317.46,WAITING_PUT_EXPIRY
2021-11-24,124545.05034809123,124545.05034809123,0,326.74,WAITING_PUT_EXPIRY
2021-11-26,124545.05034809123,124545.05034809123,0,315.03,WAITING_PUT_EXPIRY
2021-11-29,124545.05034809123,124545.05034809123,0,333.76,WAITING_PUT_EXPIRY
2021-11-30,124545.05034809123,124545.05034809123,0,326.76,WAITING_PUT_EXPIRY
2021-12-01,124545.05034809123,124545.05034809123,0,314.35,WAITING_PUT_EXPIRY
2021-12-02,124545.05034809123,124545.05034809123,0,321.26,WAITING_PUT_EXPIRY
2021-12-03,124545.05034809123,124545.05034809123,0,306.93,WAITING_PUT_EXPIRY
2021-12-06,124545.05034809123,124545.05034809123,0,300.37,WAITING_PUT_EXPIRY
2021-12-07,124545.05034809123,124545.05034809123,0,324.27,WAITING_PUT_EXPIRY
2021-12-08,124545.05034809123,124545.05034809123,0,318.26,WAITING_PUT_EXPIRY
2021-12-09,124545.05034809123,124545.05034809123,0,304.9,WAITING_PUT_EXPIRY
2021-12-10,125491.90038623821,125491.90038623821,0,301.98,WAITING_PUT_EXPIRY
2021-12-13,125491.90038623821,125491.90038623821,0,281.61,WAITING_PUT_EXPIRY
2021-12-14,125491.90038623821,125491.90038623821,0,283.37,WAITING_PUT_EXPIRY
2021-12-15,125491.90038623821,125491.90038623821,0,304.59,WAITING_PUT_EXPIRY
2021-12-16,125491.90038623821,125491.90038623821,0,283.87,WAITING_PUT_EXPIRY
2021-12-17,125491.90038623821,125491.90038623821,0,278.01,WAITING_PUT_EXPIRY
2021-12-20,125491.90038623821,125491.90038623821,0,277.19,WAITING_PUT_EXPIRY
2021-12-21,125491.90038623821,125491.90038623821,0,290.75,WAITING_PUT_EXPIRY
2021-12-22,125491.90038623821,125491.90038623821,0,294.0,WAITING_PUT_EXPIRY
2021-12-23,125491.90038623821,125491.90038623821,0,296.4,WAITING_PUT_EXPIRY
2021-12-27,125491.90038623821,125491.90038623821,0,309.45,WAITING_PUT_EXPIRY
2021-12-28,125491.90038623821,125491.90038623821,0,303.22,WAITING_PUT_EXPIRY
2021-12-29,125491.90038623821,125491.90038623821,0,300.01,WAITING_PUT_EXPIRY
2021-12-30,125491.90038623821,125491.90038623821,0,295.86,WAITING_PUT_EXPIRY
2021-12-31,125491.90038623821,125491.90038623821,0,294.11,WAITING_PUT_EXPIRY
2022-01-03,125491.90038623821,125491.90038623821,0,301.21,WAITING_PUT_EXPIRY
2022-01-04,125491.90038623821,125491.90038623821,0,292.9,WAITING_PUT_EXPIRY
2022-01-05,125491.90038623821,125491.90038623821,0,276.04,WAITING_PUT_EXPIRY
2022-01-06,125491.90038623821,125491.90038623821,0,281.78,WAITING_PUT_EXPIRY
2022-01-07,125491.90038623821,125491.90038623821,0,272.47,WAITING_PUT_EXPIRY
2022-01-10,125491.90038623821,125491.90038623821,0,274.0,WAITING_PUT_EXPIRY
2022-01-11,125491.90038623821,125491.90038623821,0,278.17,WAITING_PUT_EXPIRY
2022-01-12,125491.90038623821,125491.90038623821,0,279.99,WAITING_PUT_EXPIRY
2022-01-13,125491.90038623821,125491.90038623821,0,265.75,WAITING_PUT_EXPIRY
2022-01-14,125160.75034809124,98218.75034809124,100,269.42,WAITING_CALL_EXPIRY
2022-01-18,124121.75034809124,98218.75034809124,100,259.03,WAITING_CALL_EXPIRY
2022-01-19,123285.75034809124,98218.75034809124,100,250.67,WAITING_CALL_EXPIRY
2022-01-20,122368.75034809124,98218.75034809124,100,241.5,WAITING_CALL_EXPIRY
2022-01-21,121592.75034809124,98218.75034809124,100,233.74,WAITING_CALL_EXPIRY
2022-01-24,121590.75034809124,98218.75034809124,100,233.72,WAITING_CALL_EXPIRY
2022-01-25,120542.75034809124,98218.75034809124,100,223.24,WAITING_CALL_EXPIRY
2022-01-26,120990.75034809124,98218.75034809124,100,227.72,WAITING_CALL_EXPIRY
2022-01-27,120162.75034809124,98218.75034809124,100,219.44,WAITING_CALL_EXPIRY
2022-01-28,121058.75034809124,98218.75034809124,100,228.4,WAITING_CALL_EXPIRY
2022-01-31,122704.75034809124,98218.75034809124,100,244.86,WAITING_CALL_EXPIRY
2022-02-01,122856.75034809124,98218.75034809124,100,246.38,WAITING_CALL_EXPIRY
2022-02-02,123460.75034809124,98218.75034809124,100,252.42,WAITING_CALL_EXPIRY
2022-02-03,122166.75034809124,98218.75034809124,100,239.48,WAITING_CALL_EXPIRY
2022-02-04,122537.75034809124,98218.75034809124,100,243.19,WAITING_CALL_EXPIRY
2022-02-07,122946.75034809124,98218.75034809124,100,247.28,WAITING_CALL_EXPIRY
2022-02-08,123326.75034809124,98218.75034809124,100,251.08,WAITING_CALL_EXPIRY
2022-02-09,124923.75034809124,98218.75034809124,100,267.05,WAITING_CALL_EXPIRY
2022-02-10,124042.75034809124,98218.75034809124,100,258.24,WAITING_CALL_EXPIRY
2022-02-11,122167.75034809124,98218.75034809124,100,239.49,WAITING_CALL_EXPIRY
2022-02-14,122485.75034809124,98218.75034809124,100,242.67,WAITING_CALL_EXPIRY
2022-02-15,124713.75034809124,98218.75034809124,100,264.95,WAITING_CALL_EXPIRY
2022-02-16,124729.75034809124,98218.75034809124,100,265.11,WAITING_CALL_EXPIRY
2022-02-17,122725.75034809124,98218.75034809124,100,245.07,WAITING_CALL_EXPIRY
2022-02-18,122505.10032901776,98863.10032901776,100,236.42,WAITING_CALL_EXPIRY
2022-02-22,122253.10032901776,98863.10032901776,100,233.9,WAITING_CALL_EXPIRY
2022-02-23,121250.10032901776,98863.10032901776,100,223.87,WAITING_CALL_EXPIRY
2022-02-24,122611.10032901776,98863.10032901776,100,237.48,WAITING_CALL_EXPIRY
2022-02-25,123020.10032901776,98863.10032901776,100,241.57,WAITING_CALL_EXPIRY
2022-02-28,123248.10032901776,98863.10032901776,100,243.85,WAITING_CALL_EXPIRY
2022-03-01,122340.10032901776,98863.10032901776,100,234.77,WAITING_CALL_EXPIRY
2022-03-02,123083.10032901776,98863.10032901776,100,242.2,WAITING_CALL_EXPIRY
2022-03-03,122577.10032901776,98863.10032901776,100,237.14,WAITING_CALL_EXPIRY
2022-03-04,121799.10032901776,98863.10032901776,100,229.36,WAITING_CALL_EXPIRY
2022-03-07,120215.10032901776,98863.10032901776,100,213.52,WAITING_CALL_EXPIRY
2022-03-08,120377.10032901776,98863.10032901776,100,215.14,WAITING_CALL_EXPIRY
2022-03-09,121877.10032901776,98863.10032901776,100,230.14,WAITING_CALL_EXPIRY
2022-03-10,121521.10032901776,98863.10032901776,100,226.58,WAITING_CALL_EXPIRY
2022-03-11,120963.10032901776,98863.10032901776,100,221.0,WAITING_CALL_EXPIRY
2022-03-14,120193.10032901776,98863.10032901776,100,213.3,WAITING_CALL_EXPIRY
2022-03-15,121836.10032901776,98863.10032901776,100,229.73,WAITING_CALL_EXPIRY
2022-03-16,123359.10032901776,98863.10032901776,100,244.96,WAITING_CALL_EXPIRY
2022-03-17,123629.10032901776,98863.10032901776,100,247.66,WAITING_CALL_EXPIRY
2022-03-18,125684.95036716474,125684.95036716474,0,264.53,WAITING_PUT_EXPIRY
2022-03-21,125684.95036716474,125684.95036716474,0,267.34,WAITING_PUT_EXPIRY
2022-03-22,125684.95036716474,125684.95036716474,0,265.24,WAITING_PUT_EXPIRY
2022-03-23,125684.95036716474,125684.95036716474,0,256.34,WAITING_PUT_EXPIRY
2022-03-24,125684.95036716474,125684.95036716474,0,281.5,WAITING_PUT_EXPIRY
2022-03-25,125684.95036716474,125684.95036716474,0,276.92,WAITING_PUT_EXPIRY
2022-03-28,125684.95036716474,125684.95036716474,0,282.19,WAITING_PUT_EXPIRY
2022-03-29,125684.95036716474,125684.95036716474,0,286.56,WAITING_PUT_EXPIRY
2022-03-30,125684.95036716474,125684.95036716474,0,276.9,WAITING_PUT_EXPIRY
2022-03-31,125684.95036716474,125684.95036716474,0,272.86,WAITING_PUT_EXPIRY
2022-04-01,125684.95036716474,125684.95036716474,0,267.12,WAITING_PUT_EXPIRY
2022-04-04,125684.95036716474,125684.95036716474,0,273.6,WAITING_PUT_EXPIRY
2022-04-05,125684.95036716474,125684.95036716474,0,259.31,WAITING_PUT_EXPIRY
2022-04-06,125684.95036716474,125684.95036716474,0,244.07,WAITING_PUT_EXPIRY
2022-04-07,125684.95036716474,125684.95036716474,0,242.08,WAITING_PUT_EXPIRY
2022-04-08,125684.95036716474,125684.95036716474,0,231.19,WAITING_PUT_EXPIRY
2022-04-11,125684.95036716474,125684.95036716474,0,219.17,WAITING_PUT_EXPIRY
2022-04-12,125684.95036716474,125684.95036716474,0,215.04,WAITING_PUT_EXPIRY
2022-04-13,125684.95036716474,125684.95036716474,0,222.03,WAITING_PUT_EXPIRY
2022-04-14,125684.95036716474,125684.95036716474,0,212.58,WAITING_PUT_EXPIRY
2022-04-18,125684.95036716474,125684.95036716474,0,217.83,WAITING_PUT_EXPIRY
2022-04-19,125684.95036716474,125684.95036716474,0,221.98,WAITING_PUT_EXPIRY
2022-04-20,125684.95036716474,125684.95036716474,0,214.82,WAITING_PUT_EXPIRY
2022-04-21,125684.95036716474,125684.95036716474,0,201.83,WAITING_PUT_EXPIRY
2022-04-22,121246.80040531172,101731.80040531172,100,195.15,WAITING_CALL_EXPIRY
2022-04-25,121633.80040531172,101731.80040531172,100,199.02,WAITING_CALL_EXPIRY
2022-04-26,120519.80040531172,101731.80040531172,100,187.88,WAITING_CALL_EXPIRY
2022-04-27,120146.80040531172,101731.80040531172,100,184.15,WAITING_CALL_EXPIRY
2022-04-28,121513.80040531172,101731.80040531172,100,197.82,WAITING_CALL_EXPIRY
2022-04-29,120278.80040531172,101731.80040531172,100,185.47,WAITING_CALL_EXPIRY
2022-05-02,121264.80040531172,101731.80040531172,100,195.33,WAITING_CALL_EXPIRY
2022-05-03,121333.80040531172,101731.80040531172,100,196.02,WAITING_CALL_EXPIRY
2022-05-04,122065.80040531172,101731.80040531172,100,203.34,WAITING_CALL_EXPIRY
2022-05-05,120575.80040531172,101731.80040531172,100,188.44,WAITING_CALL_EXPIRY
2022-05-06,120406.80040531172,101731.80040531172,100,186.75,WAITING_CALL_EXPIRY
2022-05-09,118681.80040531172,101731.80040531172,100,169.5,WAITING_CALL_EXPIRY
2022-05-10,119326.80040531172,101731.80040531172,100,175.95,WAITING_CALL_EXPIRY
2022-05-11,118361.80040531172,101731.80040531172,100,166.3,WAITING_CALL_EXPIRY
2022-05-12,117906.80040531172,101731.80040531172,100,161.75,WAITING_CALL_EXPIRY
2022-05-13,119437.80040531172,101731.80040531172,100,177.06,WAITING_CALL_EXPIRY
2022-05-16,118995.80040531172,101731.80040531172,100,172.64,WAITING_CALL_EXPIRY
2022-05-17,119908.80040531172,101731.80040531172,100,181.77,WAITING_CALL_EXPIRY
2022-05-18,118669.80040531172,101731.80040531172,100,169.38,WAITING_CALL_EXPIRY
2022-05-19,118855.80040531172,101731.80040531172,100,171.24,WAITING_CALL_EXPIRY
2022-05-20,119007.65038623824,102313.65038623824,100,166.94,WAITING_CALL_EXPIRY
2022-05-23,119211.65038623824,102313.65038623824,100,168.98,WAITING_CALL_EXPIRY
2022-05-24,118467.65038623824,102313.65038623824,100,161.54,WAITING_CALL_EXPIRY
2022-05-25,119288.65038623824,102313.65038623824,100,169.75,WAITING_CALL_EXPIRY
2022-05-26,120164.65038623824,102313.65038623824,100,178.51,WAITING_CALL_EXPIRY
2022-05-27,121124.65038623824,102313.65038623824,100,188.11,WAITING_CALL_EXPIRY
2022-05-31,120985.65038623824,102313.65038623824,100,186.72,WAITING_CALL_EXPIRY
2022-06-01,120633.65038623824,102313.65038623824,100,183.2,WAITING_CALL_EXPIRY
2022-06-02,121905.65038623824,102313.65038623824,100,195.92,WAITING_CALL_EXPIRY
2022-06-03,121033.65038623824,102313.65038623824,100,187.2,WAITING_CALL_EXPIRY
2022-06-06,121099.65038623824,102313.65038623824,100,187.86,WAITING_CALL_EXPIRY
2022-06-07,121239.65038623824,102313.65038623824,100,189.26,WAITING_CALL_EXPIRY
2022-06-08,120961.65038623824,102313.65038623824,100,186.48,WAITING_CALL_EXPIRY
2022-06-09,120361.65038623824,102313.65038623824,100,180.48,WAITING_CALL_EXPIRY
2022-06-10,119287.65038623824,102313.65038623824,100,169.74,WAITING_CALL_EXPIRY
2022-06-13,117960.65038623824,102313.65038623824,100,156.47,WAITING_CALL_EXPIRY
2022-06-14,118149.65038623824,102313.65038623824,100,158.36,WAITING_CALL_EXPIRY
2022-06-15,118840.65038623824,102313.65038623824,100,165.27,WAITING_CALL_EXPIRY
2022-06-16,117914.65038623824,102313.65038623824,100,156.01,WAITING_CALL_EXPIRY
2022-06-17,118193.65038623824,102313.65038623824,100,158.8,WAITING_CALL_EXPIRY
2022-06-21,118879.65038623824,102313.65038623824,100,165.66,WAITING_CALL_EXPIRY
2022-06-22,118673.65038623824,102313.65038623824,100,163.6,WAITING_CALL_EXPIRY
2022-06-23,118538.65038623824,102313.65038623824,100,162.25,WAITING_CALL_EXPIRY
2022-06-24,119856.50040531173,102730.50040531173,100,171.26,WAITING_CALL_EXPIRY
2022-06-27,119599.50040531173,102730.50040531173,100,168.69,WAITING_CALL_EXPIRY
2022-06-28,118712.50040531173,102730.50040531173,100,159.82,WAITING_CALL_EXPIRY
2022-06-29,118272.50040531173,102730.50040531173,100,155.42,WAITING_CALL_EXPIRY
2022-06-30,117889.50040531173,102730.50040531173,100,151.59,WAITING_CALL_EXPIRY
2022-07-01,117253.50040531173,102730.50040531173,100,145.23,WAITING_CALL_EXPIRY
2022-07-05,117694.50040531173,102730.50040531173,100,149.64,WAITING_CALL_EXPIRY
2022-07-06,117860.50040531173,102730.50040531173,100,151.3,WAITING_CALL_EXPIRY
2022-07-07,118588.50040531173,102730.50040531173,100,158.58,WAITING_CALL_EXPIRY
2022-07-08,118568.50040531173,102730.50040531173,100,158.38,WAITING_CALL_EXPIRY
2022-07-11,117882.50040531173,102730.50040531173,100,151.52,WAITING_CALL_EXPIRY
2022-07-12,117812.50040531173,102730.50040531173,100,150.82,WAITING_CALL_EXPIRY
2022-07-13,117894.50040531173,102730.50040531173,100,151.64,WAITING_CALL_EXPIRY
2022-07-14,118102.50040531173,102730.50040531173,100,153.72,WAITING_CALL_EXPIRY
2022-07-15,118492.50040531173,102730.50040531173,100,157.62,WAITING_CALL_EXPIRY
2022-07-18,118831.50040531173,102730.50040531173,100,161.01,WAITING_CALL_EXPIRY
2022-07-19,119722.50040531173,102730.50040531173,100,169.92,WAITING_CALL_EXPIRY
2022-07-20,120537.50040531173,102730.50040531173,100,178.07,WAITING_CALL_EXPIRY
2022-07-21,120780.50040531173,102730.50040531173,100,180.5,WAITING_CALL_EXPIRY
2022-07-22,120501.35036716476,103182.35036716476,100,173.19,WAITING_CALL_EXPIRY
2022-07-25,120206.35036716476,103182.35036716476,100,170.24,WAITING_CALL_EXPIRY
2022-07-26,119715.35036716476,103182.35036716476,100,165.33,WAITING_CALL_EXPIRY
2022-07-27,120972.35036716476,103182.35036716476,100,177.9,WAITING_CALL_EXPIRY
2022-07-28,121166.35036716476,103182.35036716476,100,179.84,WAITING_CALL_EXPIRY
2022-07-29,121345.35036716476,103182.35036716476,100,181.63,WAITING_CALL_EXPIRY
2022-08-01,121623.35036716476,103182.35036716476,100,184.41,WAITING_CALL_EXPIRY
2022-08-02,121708.35036716476,103182.35036716476,100,185.26,WAITING_CALL_EXPIRY
2022-08-03,122075.35036716476,103182.35036716476,100,188.93,WAITING_CALL_EXPIRY
2022-08-04,122397.35036716476,103182.35036716476,100,192.15,WAITING_CALL_EXPIRY
2022-08-05,122171.35036716476,103182.35036716476,100,189.89,WAITING_CALL_EXPIRY
2022-08-08,120975.35036716476,103182.35036716476,100,177.93,WAITING_CALL_EXPIRY
2022-08-09,120268.35036716476,103182.35036716476,100,170.86,WAITING_CALL_EXPIRY
2022-08-10,121279.35036716476,103182.35036716476,100,180.97,WAITING_CALL_EXPIRY
2022-08-11,121124.35036716476,103182.35036716476,100,179.42,WAITING_CALL_EXPIRY
2022-08-12,121891.35036716476,103182.35036716476,100,187.09,WAITING_CALL_EXPIRY
2022-08-15,122214.35036716476,103182.35036716476,100,190.32,WAITING_CALL_EXPIRY
2022-08-16,122061.35036716476,103182.35036716476,100,188.79,WAITING_CALL_EXPIRY
2022-08-17,121517.35036716476,103182.35036716476,100,183.35,WAITING_CALL_EXPIRY
2022-08-18,121955.35036716476,103182.35036716476,100,187.73,WAITING_CALL_EXPIRY
2022-08-19,121031.35036716476,103182.35036716476,100,178.49,WAITING_CALL_EXPIRY
2022-08-22,120216.35036716476,103182.35036716476,100,170.34,WAITING_CALL_EXPIRY
2022-08-23,120363.35036716476,103182.35036716476,100,171.81,WAITING_CALL_EXPIRY
2022-08-24,120404.35036716476,103182.35036716476,100,172.22,WAITING_CALL_EXPIRY
2022-08-25,121095.35036716476,103182.35036716476,100,179.13,WAITING_CALL_EXPIRY
2022-08-26,119856.7003290178,103596.7003290178,100,162.6,WAITING_CALL_EXPIRY
2022-08-29,119397.7003290178,103596.7003290178,100,158.01,WAITING_CALL_EXPIRY
2022-08-30,119064.7003290178,103596.7003290178,100,154.68,WAITING_CALL_EXPIRY
2022-08-31,118690.7003290178,103596.7003290178,100,150.94,WAITING_CALL_EXPIRY
2022-09-01,117533.7003290178,103596.7003290178,100,139.37,WAITING_CALL_EXPIRY
2022-09-02,117243.7003290178,103596.7003290178,100,136.47,WAITING_CALL_EXPIRY
2022-09-06,117061.7003290178,103596.7003290178,100,134.65,WAITING_CALL_EXPIRY
2022-09-07,117310.7003290178,103596.7003290178,100,137.14,WAITING_CALL_EXPIRY
2022-09-08,117586.7003290178,103596.7003290178,100,139.9,WAITING_CALL_EXPIRY
2022-09-09,117983.7003290178,103596.7003290178,100,143.87,WAITING_CALL_EXPIRY
2022-09-12,118101.7003290178,103596.7003290178,100,145.05,WAITING_CALL_EXPIRY
2022-09-13,116727.7003290178,103596.7003290178,100,131.31,WAITING_CALL_EXPIRY
2022-09-14,116724.7003290178,103596.7003290178,100,131.28,WAITING_CALL_EXPIRY
2022-09-15,116525.7003290178,103596.7003290178,100,129.29,WAITING_CALL_EXPIRY
2022-09-16,116794.7003290178,103596.7003290178,100,131.98,WAITING_CALL_EXPIRY
2022-09-19,116978.7003290178,103596.7003290178,100,133.82,WAITING_CALL_EXPIRY
2022-09-20,116772.7003290178,103596.7003290178,100,131.76,WAITING_CALL_EXPIRY
2022-09-21,116857.7003290178,103596.7003290178,100,132.61,WAITING_CALL_EXPIRY
2022-09-22,116157.7003290178,103596.7003290178,100,125.61,WAITING_CALL_EXPIRY
2022-09-23,116112.7003290178,103596.7003290178,100,125.16,WAITING_CALL_EXPIRY
2022-09-26,115824.7003290178,103596.7003290178,100,122.28,WAITING_CALL_EXPIRY
2022-09-27,116009.7003290178,103596.7003290178,100,124.13,WAITING_CALL_EXPIRY
2022-09-28,116332.7003290178,103596.7003290178,100,127.36,WAITING_CALL_EXPIRY
2022-09-29,115816.7003290178,103596.7003290178,100,122.2,WAITING_CALL_EXPIRY
2022-09-30,116120.05031948106,103981.05031948106,100,121.39,WAITING_CALL_EXPIRY
2022-10-03,116493.05031948106,103981.05031948106,100,125.12,WAITING_CALL_EXPIRY
2022-10-04,117148.05031948106,103981.05031948106,100,131.67,WAITING_CALL_EXPIRY
2022-10-05,117190.05031948106,103981.05031948106,100,132.09,WAITING_CALL_EXPIRY
2022-10-06,117111.05031948106,103981.05031948106,100,131.3,WAITING_CALL_EXPIRY
2022-10-07,116057.05031948106,103981.05031948106,100,120.76,WAITING_CALL_EXPIRY
2022-10-10,115651.05031948106,103981.05031948106,100,116.7,WAITING_CALL_EXPIRY
2022-10-11,115567.05031948106,103981.05031948106,100,115.86,WAITING_CALL_EXPIRY
2022-10-12,115481.05031948106,103981.05031948106,100,115.0,WAITING_CALL_EXPIRY
2022-10-13,115941.05031948106,103981.05031948106,100,119.6,WAITING_CALL_EXPIRY
2022-10-14,115208.05031948106,103981.05031948106,100,112.27,WAITING_CALL_EXPIRY
2022-10-17,115869.05031948106,103981.05031948106,100,118.88,WAITING_CALL_EXPIRY
2022-10-18,115948.05031948106,103981.05031948106,100,119.67,WAITING_CALL_EXPIRY
2022-10-19,116032.05031948106,103981.05031948106,100,120.51,WAITING_CALL_EXPIRY
2022-10-20,116175.05031948106,103981.05031948106,100,121.94,WAITING_CALL_EXPIRY
2022-10-21,116447.05031948106,103981.05031948106,100,124.66,WAITING_CALL_EXPIRY
2022-10-24,116580.05031948106,103981.05031948106,100,125.99,WAITING_CALL_EXPIRY
2022-10-25,117242.05031948106,103981.05031948106,100,132.61,WAITING_CALL_EXPIRY
2022-10-26,116877.05031948106,103981.05031948106,100,128.96,WAITING_CALL_EXPIRY
2022-10-27,117157.05031948106,103981.05031948106,100,131.76,WAITING_CALL_EXPIRY
2022-10-28,117815.05031948106,103981.05031948106,100,138.34,WAITING_CALL_EXPIRY
2022-10-31,117478.05031948106,103981.05031948106,100,134.97,WAITING_CALL_EXPIRY
2022-11-01,117524.05031948106,103981.05031948106,100,135.43,WAITING_CALL_EXPIRY
2022-11-02,117200.05031948106,103981.05031948106,100,132.19,WAITING_CALL_EXPIRY
2022-11-03,117402.05031948106,103981.05031948106,100,134.21,WAITING_CALL_EXPIRY
2022-11-04,117990.40035762804,117990.40035762804,0,141.56,WAITING_PUT_EXPIRY
2022-11-07,117990.40035762804,117990.40035762804,0,143.01,WAITING_PUT_EXPIRY
2022-11-08,117990.40035762804,117990.40035762804,0,146.02,WAITING_PUT_EXPIRY
2022-11-09,117990.40035762804,117990.40035762804,0,137.76,WAITING_PUT_EXPIRY
2022-11-10,117990.40035762804,117990.40035762804,0,157.5,WAITING_PUT_EXPIRY
2022-11-11,117990.40035762804,117990.40035762804,0,163.27,WAITING_PUT_EXPIRY
2022-11-14,117990.40035762804,117990.40035762804,0,162.95,WAITING_PUT_EXPIRY
2022-11-15,117990.40035762804,117990.40035762804,0,166.66,WAITING_PUT_EXPIRY
2022-11-16,117990.40035762804,117990.40035762804,0,159.1,WAITING_PUT_EXPIRY
2022-11-17,117990.40035762804,117990.40035762804,0,156.77,WAITING_PUT_EXPIRY
2022-11-18,117990.40035762804,117990.40035762804,0,154.09,WAITING_PUT_EXPIRY
2022-11-21,117990.40035762804,117990.40035762804,0,153.17,WAITING_PUT_EXPIRY
2022-11-22,117990.40035762804,117990.40035762804,0,160.38,WAITING_PUT_EXPIRY
2022-11-23,117990.40035762804,117990.40035762804,0,165.19,WAITING_PUT_EXPIRY
2022-11-25,117990.40035762804,117990.40035762804,0,162.7,WAITING_PUT_EXPIRY
2022-11-28,117990.40035762804,117990.40035762804,0,158.27,WAITING_PUT_EXPIRY
2022-11-29,117990.40035762804,117990.40035762804,0,156.39,WAITING_PUT_EXPIRY
2022-11-30,117990.40035762804,117990.40035762804,0,169.23,WAITING_PUT_EXPIRY
2022-12-01,117990.40035762804,117990.40035762804,0,171.35,WAITING_PUT_EXPIRY
2022-12-02,118497.25033855456,118497.25033855456,0,168.76,WAITING_PUT_EXPIRY
2022-12-05,118497.25033855456,118497.25033855456,0,166.1,WAITING_PUT_EXPIRY
2022-12-06,118497.25033855456,118497.25033855456,0,159.87,WAITING_PUT_EXPIRY
2022-12-07,118497.25033855456,118497.25033855456,0,161.2,WAITING_PUT_EXPIRY
2022-12-08,118497.25033855456,118497.25033855456,0,171.69,WAITING_PUT_EXPIRY
2022-12-09,118497.25033855456,118497.25033855456,0,170.01,WAITING_PUT_EXPIRY
2022-12-12,118497.25033855456,118497.25033855456,0,175.35,WAITING_PUT_EXPIRY
2022-12-13,118497.25033855456,118497.25033855456,0,180.72,WAITING_PUT_EXPIRY
2022-12-14,118497.25033855456,118497.25033855456,0,176.74,WAITING_PUT_EXPIRY
2022-12-15,118497.25033855456,118497.25033855456,0,169.52,WAITING_PUT_EXPIRY
2022-12-16,118497.25033855456,118497.25033855456,0,165.71,WAITING_PUT_EXPIRY
2022-12-19,118497.25033855456,118497.25033855456,0,162.54,WAITING_PUT_EXPIRY
2022-12-20,118497.25033855456,118497.25033855456,0,160.85,WAITING_PUT_EXPIRY
2022-12-21,118497.25033855456,118497.25033855456,0,165.01,WAITING_PUT_EXPIRY
2022-12-22,118497.25033855456,118497.25033855456,0,153.39,WAITING_PUT_EXPIRY
2022-12-23,118497.25033855456,118497.25033855456,0,152.06,WAITING_PUT_EXPIRY
2022-12-27,118497.25033855456,118497.25033855456,0,141.21,WAITING_PUT_EXPIRY
2022-12-28,118497.25033855456,118497.25033855456,0,140.36,WAITING_PUT_EXPIRY
2022-12-29,118497.25033855456,118497.25033855456,0,146.03,WAITING_PUT_EXPIRY
2022-12-30,118497.25033855456,118497.25033855456,0,146.14,WAITING_PUT_EXPIRY
2023-01-03,118497.25033855456,118497.25033855456,0,143.15,WAITING_PUT_EXPIRY
2023-01-04,118497.25033855456,118497.25033855456,0,147.49,WAITING_PUT_EXPIRY
2023-01-05,118497.25033855456,118497.25033855456,0,142.65,WAITING_PUT_EXPIRY
2023-01-06,117965.60032901782,103106.60032901782,100,148.59,WAITING_CALL_EXPIRY
2023-01-09,118734.60032901782,103106.60032901782,100,156.28,WAITING_CALL_EXPIRY
2023-01-10,119015.60032901782,103106.60032901782,100,159.09,WAITING_CALL_EXPIRY
2023-01-11,119107.60032901782,103106.60032901782,100,160.01,WAITING_CALL_EXPIRY
2023-01-12,119617.60032901782,103106.60032901782,100,165.11,WAITING_CALL_EXPIRY
2023-01-13,120005.60032901782,103106.60032901782,100,168.99,WAITING_CALL_EXPIRY
2023-01-17,120808.60032901782,103106.60032901782,100,177.02,WAITING_CALL_EXPIRY
2023-01-18,120483.60032901782,103106.60032901782,100,173.77,WAITING_CALL_EXPIRY
2023-01-19,119871.60032901782,103106.60032901782,100,167.65,WAITING_CALL_EXPIRY
2023-01-20,120945.60032901782,103106.60032901782,100,178.39,WAITING_CALL_EXPIRY
2023-01-23,122299.60032901782,103106.60032901782,100,191.93,WAITING_CALL_EXPIRY
2023-01-24,122371.60032901782,103106.60032901782,100,192.65,WAITING_CALL_EXPIRY
2023-01-25,122429.60032901782,103106.60032901782,100,193.23,WAITING_CALL_EXPIRY
2023-01-26,122908.60032901782,103106.60032901782,100,198.02,WAITING_CALL_EXPIRY
2023-01-27,123471.60032901782,103106.60032901782,100,203.65,WAITING_CALL_EXPIRY
2023-01-30,122268.60032901782,103106.60032901782,100,191.62,WAITING_CALL_EXPIRY
2023-01-31,122643.60032901782,103106.60032901782,100,195.37,WAITING_CALL_EXPIRY
2023-02-01,124049.60032901782,103106.60032901782,100,209.43,WAITING_CALL_EXPIRY
2023-02-02,124815.60032901782,103106.60032901782,100,217.09,WAITING_CALL_EXPIRY
2023-02-03,120055.95032901783,120055.95032901783,0,211.0,WAITING_PUT_EXPIRY
2023-02-06,120055.95032901783,120055.95032901783,0,210.89,WAITING_PUT_EXPIRY
2023-02-07,120055.95032901783,120055.95032901783,0,221.73,WAITING_PUT_EXPIRY
2023-02-08,120055.95032901783,120055.95032901783,0,222.05,WAITING_PUT_EXPIRY
2023-02-09,120055.95032901783,120055.95032901783,0,223.37,WAITING_PUT_EXPIRY
2023-02-10,120055.95032901783,120055.95032901783,0,212.65,WAITING_PUT_EXPIRY
2023-02-13,120055.95032901783,120055.95032901783,0,217.88,WAITING_PUT_EXPIRY
2023-02-14,120055.95032901783,120055.95032901783,0,229.71,WAITING_PUT_EXPIRY
2023-02-15,120055.95032901783,120055.95032901783,0,227.64,WAITING_PUT_EXPIRY
2023-02-16,120055.95032901783,120055.95032901783,0,220.02,WAITING_PUT_EXPIRY
2023-02-17,120055.95032901783,120055.95032901783,0,213.88,WAITING_PUT_EXPIRY
2023-02-21,120055.95032901783,120055.95032901783,0,206.55,WAITING_PUT_EXPIRY
2023-02-22,120055.95032901783,120055.95032901783,0,207.54,WAITING_PUT_EXPIRY
2023-02-23,120055.95032901783,120055.95032901783,0,236.64,WAITING_PUT_EXPIRY
2023-02-24,120055.95032901783,120055.95032901783,0,232.86,WAITING_PUT_EXPIRY
2023-02-27,120055.95032901783,120055.95032901783,0,235.01,WAITING_PUT_EXPIRY
2023-02-28,120055.95032901783,120055.95032901783,0,232.16,WAITING_PUT_EXPIRY
2023-03-01,120055.95032901783,120055.95032901783,0,226.98,WAITING_PUT_EXPIRY
2023-03-02,120055.95032901783,120055.95032901783,0,233.14,WAITING_PUT_EXPIRY
2023-03-03,120740.3003671648,120740.3003671648,0,238.9,WAITING_PUT_EXPIRY
2023-03-06,120740.3003671648,120740.3003671648,0,235.54,WAITING_PUT_EXPIRY
2023-03-07,120740.3003671648,120740.3003671648,0,232.88,WAITING_PUT_EXPIRY
2023-03-08,120740.3003671648,120740.3003671648,0,241.81,WAITING_PUT_EXPIRY
2023-03-09,120740.3003671648,120740.3003671648,0,234.36,WAITING_PUT_EXPIRY
2023-03-10,120740.3003671648,120740.3003671648,0,229.65,WAITING_PUT_EXPIRY
2023-03-13,120740.3003671648,120740.3003671648,0,229.66,WAITING_PUT_EXPIRY
2023-03-14,120740.3003671648,120740.3003671648,0,240.63,WAITING_PUT_EXPIRY
2023-03-15,120740.3003671648,120740.3003671648,0,242.28,WAITING_PUT_EXPIRY
2023-03-16,120740.3003671648,120740.3003671648,0,255.41,WAITING_PUT_EXPIRY
2023-03-17,120740.3003671648,120740.3003671648,0,257.25,WAITING_PUT_EXPIRY
2023-03-20,120740.3003671648,120740.3003671648,0,259.0,WAITING_PUT_EXPIRY
2023-03-21,120740.3003671648,120740.3003671648,0,261.99,WAITING_PUT_EXPIRY
2023-03-22,120740.3003671648,120740.3003671648,0,264.68,WAITING_PUT_EXPIRY
2023-03-23,120740.3003671648,120740.3003671648,0,271.91,WAITING_PUT_EXPIRY
2023-03-24,120740.3003671648,120740.3003671648,0,267.79,WAITING_PUT_EXPIRY
2023-03-27,120740.3003671648,120740.3003671648,0,265.31,WAITING_PUT_EXPIRY
2023-03-28,120740.3003671648,120740.3003671648,0,264.1,WAITING_PUT_EXPIRY
2023-03-29,120740.3003671648,120740.3003671648,0,269.84,WAITING_PUT_EXPIRY
2023-03-30,120740.3003671648,120740.3003671648,0,273.83,WAITING_PUT_EXPIRY
2023-03-31,121392.15032901784,121392.15032901784,0,277.77,WAITING_PUT_EXPIRY
2023-04-03,121392.15032901784,121392.15032901784,0,279.65,WAITING_PUT_EXPIRY
2023-04-04,121392.15032901784,121392.15032901784,0,274.53,WAITING_PUT_EXPIRY
2023-04-05,121392.15032901784,121392.15032901784,0,268.81,WAITING_PUT_EXPIRY
2023-04-06,121392.15032901784,121392.15032901784,0,270.37,WAITING_PUT_EXPIRY
2023-04-10,121392.15032901784,121392.15032901784,0,275.79,WAITING_PUT_EXPIRY
2023-04-11,121392.15032901784,121392.15032901784,0,271.69,WAITING_PUT_EXPIRY
2023-04-12,121392.15032901784,121392.15032901784,0,264.95,WAITING_PUT_EXPIRY
2023-04-13,121392.15032901784,121392.15032901784,0,264.63,WAITING_PUT_EXPIRY
2023-04-14,121392.15032901784,121392.15032901784,0,267.58,WAITING_PUT_EXPIRY
2023-04-17,121392.15032901784,121392.15032901784,0,270.02,WAITING_PUT_EXPIRY
2023-04-18,121392.15032901784,121392.15032901784,0,276.67,WAITING_PUT_EXPIRY
2023-04-19,121392.15032901784,121392.15032901784,0,279.31,WAITING_PUT_EXPIRY
2023-04-20,121392.15032901784,121392.15032901784,0,271.04,WAITING_PUT_EXPIRY
2023-04-21,121392.15032901784,121392.15032901784,0,271.19,WAITING_PUT_EXPIRY
2023-04-24,121392.15032901784,121392.15032901784,0,270.42,WAITING_PUT_EXPIRY
2023-04-25,121392.15032901784,121392.15032901784,0,262.41,WAITING_PUT_EXPIRY
2023-04-26,121392.15032901784,121392.15032901784,0,269.56,WAITING_PUT_EXPIRY
2023-04-27,121392.15032901784,121392.15032901784,0,272.26,WAITING_PUT_EXPIRY
2023-04-28,122191.50032901784,122191.50032901784,0,277.49,WAITING_PUT_EXPIRY
2023-05-01,122191.50032901784,122191.50032901784,0,289.1,WAITING_PUT_EXPIRY
2023-05-02,122191.50032901784,122191.50032901784,0,282.1,WAITING_PUT_EXPIRY
2023-05-03,122191.50032901784,122191.50032901784,0,278.02,WAITING_PUT_EXPIRY
2023-05-04,122191.50032901784,122191.50032901784,0,275.62,WAITING_PUT_EXPIRY
2023-05-05,122191.50032901784,122191.50032901784,0,286.8,WAITING_PUT_EXPIRY
2023-05-08,122191.50032901784,122191.50032901784,0,291.51,WAITING_PUT_EXPIRY
2023-05-09,122191.50032901784,122191.50032901784,0,285.71,WAITING_PUT_EXPIRY
2023-05-10,122191.50032901784,122191.50032901784,0,288.85,WAITING_PUT_EXPIRY
2023-05-11,122191.50032901784,122191.50032901784,0,285.78,WAITING_PUT_EXPIRY
2023-05-12,122191.50032901784,122191.50032901784,0,283.4,WAITING_PUT_EXPIRY
2023-05-15,122191.50032901784,122191.50032901784,0,289.53,WAITING_PUT_EXPIRY
2023-05-16,122191.50032901784,122191.50032901784,0,292.13,WAITING_PUT_EXPIRY
2023-05-17,122191.50032901784,122191.50032901784,0,301.78,WAITING_PUT_EXPIRY
2023-05-18,122191.50032901784,122191.50032901784,0,316.78,WAITING_PUT_EXPIRY
2023-05-19,122191.50032901784,122191.50032901784,0,312.64,WAITING_PUT_EXPIRY
2023-05-22,122191.50032901784,122191.50032901784,0,311.76,WAITING_PUT_EXPIRY
2023-05-23,122191.50032901784,122191.50032901784,0,306.88,WAITING_PUT_EXPIRY
2023-05-24,122191.50032901784,122191.50032901784,0,305.38,WAITING_PUT_EXPIRY
2023-05-25,122191.50032901784,122191.50032901784,0,379.8,WAITING_PUT_EXPIRY
2023-05-26,122191.50032901784,122191.50032901784,0,389.46,WAITING_PUT_EXPIRY
2023-05-30,122191.50032901784,122191.50032901784,0,401.11,WAITING_PUT_EXPIRY
2023-05-31,122191.50032901784,122191.50032901784,0,378.34,WAITING_PUT_EXPIRY
2023-06-01,122191.50032901784,122191.50032901784,0,397.7,WAITING_PUT_EXPIRY
2023-06-02,123138.35036716482,123138.35036716482,0,393.27,WAITING_PUT_EXPIRY
2023-06-05,123138.35036716482,123138.35036716482,0,391.71,WAITING_PUT_EXPIRY
2023-06-06,123138.35036716482,123138.35036716482,0,386.54,WAITING_PUT_EXPIRY
2023-06-07,123138.35036716482,123138.35036716482,0,374.75,WAITING_PUT_EXPIRY
2023-06-08,123138.35036716482,123138.35036716482,0,385.1,WAITING_PUT_EXPIRY
2023-06-09,123138.35036716482,123138.35036716482,0,387.7,WAITING_PUT_EXPIRY
2023-06-12,123138.35036716482,123138.35036716482,0,394.82,WAITING_PUT_EXPIRY
2023-06-13,123138.35036716482,123138.35036716482,0,410.22,WAITING_PUT_EXPIRY
2023-06-14,123138.35036716482,123138.35036716482,0,429.97,WAITING_PUT_EXPIRY
2023-06-15,123138.35036716482,123138.35036716482,0,426.53,WAITING_PUT_EXPIRY
2023-06-16,123138.35036716482,123138.35036716482,0,426.92,WAITING_PUT_EXPIRY
2023-06-20,123138.35036716482,123138.35036716482,0,438.08,WAITING_PUT_EXPIRY
2023-06-21,123138.35036716482,123138.35036716482,0,430.45,WAITING_PUT_EXPIRY
2023-06-22,123138.35036716482,123138.35036716482,0,430.25,WAITING_PUT_EXPIRY
2023-06-23,123138.35036716482,123138.35036716482,0,422.09,WAITING_PUT_EXPIRY
2023-06-26,123138.35036716482,123138.35036716482,0,406.32,WAITING_PUT_EXPIRY
2023-06-27,123138.35036716482,123138.35036716482,0,418.76,WAITING_PUT_EXPIRY
2023-06-28,123138.35036716482,123138.35036716482,0,411.17,WAITING_PUT_EXPIRY
2023-06-29,123138.35036716482,123138.35036716482,0,408.22,WAITING_PUT_EXPIRY
2023-06-30,123138.35036716482,123138.35036716482,0,423.02,WAITING_PUT_EXPIRY
2023-07-03,123138.35036716482,123138.35036716482,0,424.13,WAITING_PUT_EXPIRY
2023-07-05,123138.35036716482,123138.35036716482,0,423.17,WAITING_PUT_EXPIRY
2023-07-06,123138.35036716482,123138.35036716482,0,421.03,WAITING_PUT_EXPIRY
2023-07-07,124080.20038623831,124080.20038623831,0,425.03,WAITING_PUT_EXPIRY
2023-07-10,124080.20038623831,124080.20038623831,0,421.8,WAITING_PUT_EXPIRY
2023-07-11,124080.20038623831,124080.20038623831,0,424.05,WAITING_PUT_EXPIRY
2023-07-12,124080.20038623831,124080.20038623831,0,439.02,WAITING_PUT_EXPIRY
2023-07-13,124080.20038623831,124080.20038623831,0,459.77,WAITING_PUT_EXPIRY
2023-07-14,124080.20038623831,124080.20038623831,0,454.69,WAITING_PUT_EXPIRY
2023-07-17,124080.20038623831,124080.20038623831,0,464.61,WAITING_PUT_EXPIRY
2023-07-18,124080.20038623831,124080.20038623831,0,474.94,WAITING_PUT_EXPIRY
2023-07-19,124080.20038623831,124080.20038623831,0,470.77,WAITING_PUT_EXPIRY
2023-07-20,124080.20038623831,124080.20038623831,0,455.2,WAITING_PUT_EXPIRY
2023-07-21,124080.20038623831,124080.20038623831,0,443.09,WAITING_PUT_EXPIRY
2023-07-24,124080.20038623831,124080.20038623831,0,446.12,WAITING_PUT_EXPIRY
2023-07-25,124080.20038623831,124080.20038623831,0,456.79,WAITING_PUT_EXPIRY
2023-07-26,124080.20038623831,124080.20038623831,0,454.52,WAITING_PUT_EXPIRY
2023-07-27,124080.20038623831,124080.20038623831,0,459.0,WAITING_PUT_EXPIRY
2023-07-28,124080.20038623831,124080.20038623831,0,467.5,WAITING_PUT_EXPIRY
2023-07-31,124080.20038623831,124080.20038623831,0,467.29,WAITING_PUT_EXPIRY
2023-08-01,124080.20038623831,124080.20038623831,0,465.07,WAITING_PUT_EXPIRY
2023-08-02,124080.20038623831,124080.20038623831,0,442.69,WAITING_PUT_EXPIRY
2023-08-03,124080.20038623831,124080.20038623831,0,445.15,WAITING_PUT_EXPIRY
2023-08-04,125694.55034809135,125694.55034809135,0,446.8,WAITING_PUT_EXPIRY
2023-08-07,125694.55034809135,125694.55034809135,0,454.165,WAITING_PUT_EXPIRY
2023-08-08,125694.55034809135,125694.55034809135,0,446.64,WAITING_PUT_EXPIRY
2023-08-09,125694.55034809135,125694.55034809135,0,425.54,WAITING_PUT_EXPIRY
2023-08-10,125694.55034809135,125694.55034809135,0,423.88,WAITING_PUT_EXPIRY
2023-08-11,125694.55034809135,125694.55034809135,0,408.55,WAITING_PUT_EXPIRY
2023-08-14,125694.55034809135,125694.55034809135,0,437.53,WAITING_PUT_EXPIRY
2023-08-15,125694.55034809135,125694.55034809135,0,439.4,WAITING_PUT_EXPIRY
2023-08-16,125694.55034809135,125694.55034809135,0,434.86,WAITING_PUT_EXPIRY
2023-08-17,125694.55034809135,125694.55034809135,0,433.435,WAITING_PUT_EXPIRY
2023-08-18,125694.55034809135,125694.55034809135,0,432.99,WAITING_PUT_EXPIRY
2023-08-21,125694.55034809135,125694.55034809135,0,469.67,WAITING_PUT_EXPIRY
2023-08-22,125694.55034809135,125694.55034809135,0,456.68,WAITING_PUT_EXPIRY
2023-08-23,125694.55034809135,125694.55034809135,0,471.16,WAITING_PUT_EXPIRY
2023-08-24,125694.55034809135,125694.55034809135,0,471.63,WAITING_PUT_EXPIRY
2023-08-25,125694.55034809135,125694.55034809135,0,460.18,WAITING_PUT_EXPIRY
2023-08-28,125694.55034809135,125694.55034809135,0,468.35,WAITING_PUT_EXPIRY
2023-08-29,125694.55034809135,125694.55034809135,0,487.84,WAITING_PUT_EXPIRY
2023-08-30,125694.55034809135,125694.55034809135,0,492.64,WAITING_PUT_EXPIRY
2023-08-31,125694.55034809135,125694.55034809135,0,493.55,WAITING_PUT_EXPIRY
2023-09-01,126888.9004243853,126888.9004243853,0,485.09,WAITING_PUT_EXPIRY
2023-09-05,126888.9004243853,126888.9004243853,0,485.48,WAITING_PUT_EXPIRY
2023-09-06,126888.9004243853,126888.9004243853,0,470.61,WAITING_PUT_EXPIRY
2023-09-07,126888.9004243853,126888.9004243853,0,462.41,WAITING_PUT_EXPIRY
2023-09-08,126888.9004243853,126888.9004243853,0,455.72,WAITING_PUT_EXPIRY
2023-09-11,126888.9004243853,126888.9004243853,0,451.78,WAITING_PUT_EXPIRY
2023-09-12,126888.9004243853,126888.9004243853,0,448.7,WAITING_PUT_EXPIRY
2023-09-13,126888.9004243853,126888.9004243853,0,454.85,WAITING_PUT_EXPIRY
2023-09-14,126888.9004243853,126888.9004243853,0,455.81,WAITING_PUT_EXPIRY
2023-09-15,126888.9004243853,126888.9004243853,0,439.0,WAITING_PUT_EXPIRY
2023-09-18,126888.9004243853,126888.9004243853,0,439.66,WAITING_PUT_EXPIRY
2023-09-19,126888.9004243853,126888.9004243853,0,435.2,WAITING_PUT_EXPIRY
2023-09-20,126888.9004243853,126888.9004243853,0,422.39,WAITING_PUT_EXPIRY
2023-09-21,126888.9004243853,126888.9004243853,0,410.17,WAITING_PUT_EXPIRY
2023-09-22,126888.9004243853,126888.9004243853,0,416.1,WAITING_PUT_EXPIRY
2023-09-25,126888.9004243853,126888.9004243853,0,422.22,WAITING_PUT_EXPIRY
2023-09-26,126888.9004243853,126888.9004243853,0,419.11,WAITING_PUT_EXPIRY
2023-09-27,126888.9004243853,126888.9004243853,0,424.68,WAITING_PUT_EXPIRY
2023-09-28,126888.9004243853,126888.9004243853,0,430.89,WAITING_PUT_EXPIRY
2023-09-29,126888.9004243853,126888.9004243853,0,434.99,WAITING_PUT_EXPIRY
2023-10-02,126888.9004243853,126888.9004243853,0,447.82,WAITING_PUT_EXPIRY
2023-10-03,126888.9004243853,126888.9004243853,0,435.17,WAITING_PUT_EXPIRY
2023-10-04,126888.9004243853,126888.9004243853,0,440.41,WAITING_PUT_EXPIRY
2023-10-05,126888.9004243853,126888.9004243853,0,446.88,WAITING_PUT_EXPIRY
2023-10-06,127675.2504243853,81913.2504243853,100,457.62,WAITING_CALL_EXPIRY
2023-10-09,127186.2504243853,81913.2504243853,100,452.73,WAITING_CALL_EXPIRY
2023-10-10,127711.2504243853,81913.2504243853,100,457.98,WAITING_CALL_EXPIRY
2023-10-11,128719.2504243853,81913.2504243853,100,468.06,WAITING_CALL_EXPIRY
2023-10-12,128858.2504243853,81913.2504243853,100,469.45,WAITING_CALL_EXPIRY
2023-10-13,127374.2504243853,81913.2504243853,100,454.61,WAITING_CALL_EXPIRY
2023-10-16,128008.2504243853,81913.2504243853,100,460.95,WAITING_CALL_EXPIRY
2023-10-17,125851.2504243853,81913.2504243853,100,439.38,WAITING_CALL_EXPIRY
2023-10-18,124109.2504243853,81913.2504243853,100,421.96,WAITING_CALL_EXPIRY
2023-10-19,124014.2504243853,81913.2504243853,100,421.01,WAITING_CALL_EXPIRY
2023-10-20,123300.2504243853,81913.2504243853,100,413.87,WAITING_CALL_EXPIRY
2023-10-23,124888.2504243853,81913.2504243853,100,429.75,WAITING_CALL_EXPIRY
2023-10-24,125576.2504243853,81913.2504243853,100,436.63,WAITING_CALL_EXPIRY
2023-10-25,123692.2504243853,81913.2504243853,100,417.79,WAITING_CALL_EXPIRY
2023-10-26,122239.2504243853,81913.2504243853,100,403.26,WAITING_CALL_EXPIRY
2023-10-27,122413.2504243853,81913.2504243853,100,405.0,WAITING_CALL_EXPIRY
2023-10-30,123074.2504243853,81913.2504243853,100,411.61,WAITING_CALL_EXPIRY
2023-10-31,122693.2504243853,81913.2504243853,100,407.8,WAITING_CALL_EXPIRY
2023-11-01,124238.2504243853,81913.2504243853,100,423.25,WAITING_CALL_EXPIRY
2023-11-02,125419.2504243853,81913.2504243853,100,435.06,WAITING_CALL_EXPIRY
2023-11-03,126918.2504243853,81913.2504243853,100,450.05,WAITING_CALL_EXPIRY
2023-11-06,127664.2504243853,81913.2504243853,100,457.51,WAITING_CALL_EXPIRY
2023-11-07,127868.2504243853,81913.2504243853,100,459.55,WAITING_CALL_EXPIRY
2023-11-08,128487.2504243853,81913.2504243853,100,465.74,WAITING_CALL_EXPIRY
2023-11-09,128863.2504243853,81913.2504243853,100,469.5,WAITING_CALL_EXPIRY
2023-11-10,131572.6004243853,83237.60042438531,100,483.35,WAITING_CALL_EXPIRY
2023-11-13,131857.6004243853,83237.60042438531,100,486.2,WAITING_CALL_EXPIRY
2023-11-14,132893.6004243853,83237.60042438531,100,496.56,WAITING_CALL_EXPIRY
2023-11-15,132125.6004243853,83237.60042438531,100,488.88,WAITING_CALL_EXPIRY
2023-11-16,132717.6004243853,83237.60042438531,100,494.8,WAITING_CALL_EXPIRY
2023-11-17,132535.6004243853,83237.60042438531,100,492.98,WAITING_CALL_EXPIRY
2023-11-20,133646.6004243853,83237.60042438531,100,504.09,WAITING_CALL_EXPIRY
2023-11-21,133181.6004243853,83237.60042438531,100,499.44,WAITING_CALL_EXPIRY
2023-11-22,131953.6004243853,83237.60042438531,100,487.16,WAITING_CALL_EXPIRY
2023-11-24,131013.60042438531,83237.60042438531,100,477.76,WAITING_CALL_EXPIRY
2023-11-27,131479.6004243853,83237.60042438531,100,482.42,WAITING_CALL_EXPIRY
2023-11-28,131058.60042438531,83237.60042438531,100,478.21,WAITING_CALL_EXPIRY
2023-11-29,131377.6004243853,83237.60042438531,100,481.4,WAITING_CALL_EXPIRY
2023-11-30,130007.60042438531,83237.60042438531,100,467.7,WAITING_CALL_EXPIRY
2023-12-01,130002.60042438531,83237.60042438531,100,467.65,WAITING_CALL_EXPIRY
2023-12-04,128747.60042438531,83237.60042438531,100,455.1,WAITING_CALL_EXPIRY
2023-12-05,129803.60042438531,83237.60042438531,100,465.66,WAITING_CALL_EXPIRY
2023-12-06,128740.60042438531,83237.60042438531,100,455.03,WAITING_CALL_EXPIRY
2023-12-07,129833.60042438531,83237.60042438531,100,465.96,WAITING_CALL_EXPIRY
2023-12-08,130743.60042438531,83237.60042438531,100,475.06,WAITING_CALL_EXPIRY
2023-12-11,129864.60042438531,83237.60042438531,100,466.27,WAITING_CALL_EXPIRY
2023-12-12,130894.60042438531,83237.60042438531,100,476.57,WAITING_CALL_EXPIRY
2023-12-13,131325.6004243853,83237.60042438531,100,480.88,WAITING_CALL_EXPIRY
2023-12-14,131587.6004243853,83237.60042438531,100,483.5,WAITING_CALL_EXPIRY
2023-12-15,133104.45038623834,84214.45038623834,100,488.9,WAITING_CALL_EXPIRY
2023-12-18,134291.45038623834,84214.45038623834,100,500.77,WAITING_CALL_EXPIRY
2023-12-19,133818.45038623834,84214.45038623834,100,496.04,WAITING_CALL_EXPIRY
2023-12-20,132325.45038623834,84214.45038623834,100,481.11,WAITING_CALL_EXPIRY
2023-12-21,133204.45038623834,84214.45038623834,100,489.9,WAITING_CALL_EXPIRY
2023-12-22,133044.45038623834,84214.45038623834,100,488.3,WAITING_CALL_EXPIRY
2023-12-26,133493.45038623834,84214.45038623834,100,492.79,WAITING_CALL_EXPIRY
2023-12-27,133631.45038623834,84214.45038623834,100,494.17,WAITING_CALL_EXPIRY
2023-12-28,133736.45038623834,84214.45038623834,100,495.22,WAITING_CALL_EXPIRY
2023-12-29,133736.45038623834,84214.45038623834,100,495.22,WAITING_CALL_EXPIRY
2024-01-02,132382.45038623834,84214.45038623834,100,481.68,WAITING_CALL_EXPIRY
2024-01-03,131783.45038623834,84214.45038623834,100,475.69,WAITING_CALL_EXPIRY
2024-01-04,132212.45038623834,84214.45038623834,100,479.98,WAITING_CALL_EXPIRY
2024-01-05,133311.45038623834,84214.45038623834,100,490.97,WAITING_CALL_EXPIRY
2024-01-08,136467.45038623834,84214.45038623834,100,522.53,WAITING_CALL_EXPIRY
2024-01-09,137354.45038623834,84214.45038623834,100,531.4,WAITING_CALL_EXPIRY
2024-01-10,138564.45038623834,84214.45038623834,100,543.5,WAITING_CALL_EXPIRY
2024-01-11,139036.45038623834,84214.45038623834,100,548.22,WAITING_CALL_EXPIRY
2024-01-12,138924.45038623834,84214.45038623834,100,547.1,WAITING_CALL_EXPIRY
2024-01-16,140596.45038623834,84214.45038623834,100,563.82,WAITING_CALL_EXPIRY
2024-01-17,140267.45038623834,84214.45038623834,100,560.53,WAITING_CALL_EXPIRY
2024-01-18,141321.45038623834,84214.45038623834,100,571.07,WAITING_CALL_EXPIRY
2024-01-19,137438.80038623835,137438.80038623835,0,594.91,WAITING_PUT_EXPIRY
2024-01-22,137438.80038623835,137438.80038623835,0,596.54,WAITING_PUT_EXPIRY
2024-01-23,137438.80038623835,137438.80038623835,0,598.73,WAITING_PUT_EXPIRY
2024-01-24,137438.80038623835,137438.80038623835,0,613.62,WAITING_PUT_EXPIRY
2024-01-25,137438.80038623835,137438.80038623835,0,616.17,WAITING_PUT_EXPIRY
2024-01-26,137438.80038623835,137438.80038623835,0,610.31,WAITING_PUT_EXPIRY
2024-01-29,137438.80038623835,137438.80038623835,0,624.65,WAITING_PUT_EXPIRY
2024-01-30,137438.80038623835,137438.80038623835,0,627.74,WAITING_PUT_EXPIRY
2024-01-31,137438.80038623835,137438.80038623835,0,615.27,WAITING_PUT_EXPIRY
2024-02-01,137438.80038623835,137438.80038623835,0,630.27,WAITING_PUT_EXPIRY
2024-02-02,137438.80038623835,137438.80038623835,0,661.6,WAITING_PUT_EXPIRY
2024-02-05,137438.80038623835,137438.80038623835,0,693.32,WAITING_PUT_EXPIRY
2024-02-06,137438.80038623835,137438.80038623835,0,682.23,WAITING_PUT_EXPIRY
2024-02-07,137438.80038623835,137438.80038623835,0,700.99,WAITING_PUT_EXPIRY
2024-02-08,137438.80038623835,137438.80038623835,0,696.41,WAITING_PUT_EXPIRY
2024-02-09,137438.80038623835,137438.80038623835,0,721.33,WAITING_PUT_EXPIRY
2024-02-12,137438.80038623835,137438.80038623835,0,722.48,WAITING_PUT_EXPIRY
2024-02-13,137438.80038623835,137438.80038623835,0,721.28,WAITING_PUT_EXPIRY
2024-02-14,137438.80038623835,137438.80038623835,0,739.0,WAITING_PUT_EXPIRY
2024-02-15,137438.80038623835,137438.80038623835,0,726.58,WAITING_PUT_EXPIRY
2024-02-16,140025.65038623835,140025.65038623835,0,726.13,WAITING_PUT_EXPIRY
2024-02-20,140025.65038623835,140025.65038623835,0,694.52,WAITING_PUT_EXPIRY
2024-02-21,140025.65038623835,140025.65038623835,0,674.72,WAITING_PUT_EXPIRY
2024-02-22,140025.65038623835,140025.65038623835,0,785.38,WAITING_PUT_EXPIRY
2024-02-23,140025.65038623835,140025.65038623835,0,788.17,WAITING_PUT_EXPIRY
2024-02-26,140025.65038623835,140025.65038623835,0,790.92,WAITING_PUT_EXPIRY
2024-02-27,140025.65038623835,140025.65038623835,0,787.01,WAITING_PUT_EXPIRY
2024-02-28,140025.65038623835,140025.65038623835,0,776.63,WAITING_PUT_EXPIRY
2024-02-29,140025.65038623835,140025.65038623835,0,791.12,WAITING_PUT_EXPIRY
2024-03-01,140025.65038623835,140025.65038623835,0,822.79,WAITING_PUT_EXPIRY
2024-03-04,140025.65038623835,140025.65038623835,0,852.37,WAITING_PUT_EXPIRY
2024-03-05,140025.65038623835,140025.65038623835,0,859.64,WAITING_PUT_EXPIRY
2024-03-06,140025.65038623835,140025.65038623835,0,887.0,WAITING_PUT_EXPIRY
2024-03-07,140025.65038623835,140025.65038623835,0,926.69,WAITING_PUT_EXPIRY
2024-03-08,140025.65038623835,140025.65038623835,0,875.28,WAITING_PUT_EXPIRY
2024-03-11,140025.65038623835,140025.65038623835,0,857.74,WAITING_PUT_EXPIRY
2024-03-12,140025.65038623835,140025.65038623835,0,919.13,WAITING_PUT_EXPIRY
2024-03-13,140025.65038623835,140025.65038623835,0,908.88,WAITING_PUT_EXPIRY
2024-03-14,140025.65038623835,140025.65038623835,0,879.44,WAITING_PUT_EXPIRY
2024-03-15,143295.0004625323,143295.0004625323,0,878.365,WAITING_PUT_EXPIRY
2024-03-18,143295.0004625323,143295.0004625323,0,884.55,WAITING_PUT_EXPIRY
2024-03-19,143295.0004625323,143295.0004625323,0,893.98,WAITING_PUT_EXPIRY
2024-03-20,143295.0004625323,143295.0004625323,0,903.72,WAITING_PUT_EXPIRY
2024-03-21,143295.0004625323,143295.0004625323,0,914.35,WAITING_PUT_EXPIRY
2024-03-22,143295.0004625323,143295.0004625323,0,942.89,WAITING_PUT_EXPIRY
2024-03-25,143295.0004625323,143295.0004625323,0,950.02,WAITING_PUT_EXPIRY
2024-03-26,143295.0004625323,143295.0004625323,0,925.61,WAITING_PUT_EXPIRY
2024-03-27,143295.0004625323,143295.0004625323,0,902.5,WAITING_PUT_EXPIRY
2024-03-28,143295.0004625323,143295.0004625323,0,903.56,WAITING_PUT_EXPIRY
2024-04-01,143295.0004625323,143295.0004625323,0,903.63,WAITING_PUT_EXPIRY
2024-04-02,143295.0004625323,143295.0004625323,0,894.52,WAITING_PUT_EXPIRY
2024-04-03,143295.0004625323,143295.0004625323,0,889.64,WAITING_PUT_EXPIRY
2024-04-04,143295.0004625323,143295.0004625323,0,859.05,WAITING_PUT_EXPIRY
2024-04-05,143295.0004625323,143295.0004625323,0,880.08,WAITING_PUT_EXPIRY
2024-04-08,143295.0004625323,143295.0004625323,0,871.33,WAITING_PUT_EXPIRY
2024-04-09,143295.0004625323,143295.0004625323,0,853.54,WAITING_PUT_EXPIRY
2024-04-10,143295.0004625323,143295.0004625323,0,870.39,WAITING_PUT_EXPIRY
2024-04-11,143295.0004625323,143295.0004625323,0,906.16,WAITING_PUT_EXPIRY
2024-04-12,143295.0004625323,143295.0004625323,0,881.86,WAITING_PUT_EXPIRY
2024-04-15,143295.0004625323,143295.0004625323,0,860.01,WAITING_PUT_EXPIRY
2024-04-16,143295.0004625323,143295.0004625323,0,874.15,WAITING_PUT_EXPIRY
2024-04-17,143295.0004625323,143295.0004625323,0,840.35,WAITING_PUT_EXPIRY
2024-04-18,143295.0004625323,143295.0004625323,0,846.71,WAITING_PUT_EXPIRY
2024-04-19,140699.35038623837,64499.35038623836,100,762.0,WAITING_CALL_EXPIRY
2024-04-22,144017.35038623837,64499.35038623836,100,795.18,WAITING_CALL_EXPIRY
2024-04-23,146922.35038623837,64499.35038623836,100,824.23,WAITING_CALL_EXPIRY
2024-04-24,144176.35038623837,64499.35038623836,100,796.77,WAITING_CALL_EXPIRY
2024-04-25,147131.35038623837,64499.35038623836,100,826.32,WAITING_CALL_EXPIRY
2024-04-26,152234.35038623837,64499.35038623836,100,877.35,WAITING_CALL_EXPIRY
2024-04-29,152256.35038623837,64499.35038623836,100,877.57,WAITING_CALL_EXPIRY
2024-04-30,150901.35038623837,64499.35038623836,100,864.02,WAITING_CALL_EXPIRY
2024-05-01,147540.35038623837,64499.35038623836,100,830.41,WAITING_CALL_EXPIRY
2024-05-02,150316.35038623837,64499.35038623836,100,858.17,WAITING_CALL_EXPIRY
2024-05-03,153288.35038623837,64499.35038623836,100,887.89,WAITING_CALL_EXPIRY
2024-05-06,156639.35038623837,64499.35038623836,100,921.4,WAITING_CALL_EXPIRY
2024-05-07,155053.35038623837,64499.35038623836,100,905.54,WAITING_CALL_EXPIRY
2024-05-08,154911.35038623837,64499.35038623836,100,904.12,WAITING_CALL_EXPIRY
2024-05-09,153246.35038623837,64499.35038623836,100,887.47,WAITING_CALL_EXPIRY
2024-05-10,154377.35038623837,64499.35038623836,100,898.78,WAITING_CALL_EXPIRY
2024-05-13,154898.35038623837,64499.35038623836,100,903.99,WAITING_CALL_EXPIRY
2024-05-14,155855.35038623837,64499.35038623836,100,913.56,WAITING_CALL_EXPIRY
2024-05-15,159129.35038623837,64499.35038623836,100,946.3,WAITING_CALL_EXPIRY
2024-05-16,158858.35038623837,64499.35038623836,100,943.59,WAITING_CALL_EXPIRY
2024-05-17,156978.35038623837,64499.35038623836,100,924.79,WAITING_CALL_EXPIRY
2024-05-20,159279.35038623837,64499.35038623836,100,947.8,WAITING_CALL_EXPIRY
2024-05-21,159885.35038623837,64499.35038623836,100,953.86,WAITING_CALL_EXPIRY
2024-05-22,159449.35038623837,64499.35038623836,100,949.5,WAITING_CALL_EXPIRY
2024-05-23,168298.35038623837,64499.35038623836,100,1037.99,WAITING_CALL_EXPIRY
2024-05-24,153988.7003480914,153988.7003480914,0,1064.69,WAITING_PUT_EXPIRY
2024-05-28,153988.7003480914,153988.7003480914,0,1139.01,WAITING_PUT_EXPIRY
2024-05-29,153988.7003480914,153988.7003480914,0,1148.25,WAITING_PUT_EXPIRY
2024-05-30,153988.7003480914,153988.7003480914,0,1105.0,WAITING_PUT_EXPIRY
2024-05-31,153988.7003480914,153988.7003480914,0,1096.33,WAITING_PUT_EXPIRY
2024-06-03,153988.7003480914,153988.7003480914,0,1150.0,WAITING_PUT_EXPIRY
2024-06-04,153988.7003480914,153988.7003480914,0,1164.37,WAITING_PUT_EXPIRY
2024-06-05,153988.7003480914,153988.7003480914,0,1224.4,WAITING_PUT_EXPIRY
2024-06-06,153988.7003480914,153988.7003480914,0,1209.98,WAITING_PUT_EXPIRY
2024-06-07,153988.7003480914,153988.7003480914,0,1208.88,WAITING_PUT_EXPIRY
2024-06-10,153988.7003480914,153988.7003480914,0,121.79,WAITING_PUT_EXPIRY
2024-06-11,153988.7003480914,153988.7003480914,0,120.91,WAITING_PUT_EXPIRY
2024-06-12,153988.7003480914,153988.7003480914,0,125.2,WAITING_PUT_EXPIRY
2024-06-13,153988.7003480914,153988.7003480914,0,129.61,WAITING_PUT_EXPIRY
2024-06-14,153988.7003480914,153988.7003480914,0,131.88,WAITING_PUT_EXPIRY
2024-06-17,153988.7003480914,153988.7003480914,0,130.98,WAITING_PUT_EXPIRY
2024-06-18,153988.7003480914,153988.7003480914,0,135.58,WAITING_PUT_EXPIRY
2024-06-20,153988.7003480914,153988.7003480914,0,130.78,WAITING_PUT_EXPIRY
2024-06-21,153988.7003480914,153988.7003480914,0,126.57,WAITING_PUT_EXPIRY
2024-06-24,153988.7003480914,153988.7003480914,0,118.11,WAITING_PUT_EXPIRY
2024-06-25,153988.7003480914,153988.7003480914,0,126.09,WAITING_PUT_EXPIRY
2024-06-26,153988.7003480914,153988.7003480914,0,126.4,WAITING_PUT_EXPIRY
2024-06-27,153988.7003480914,153988.7003480914,0,123.99,WAITING_PUT_EXPIRY
2024-06-28,154363.0503480914,154363.0503480914,0,123.54,WAITING_PUT_EXPIRY
2024-07-01,154363.0503480914,154363.0503480914,0,124.3,WAITING_PUT_EXPIRY
2024-07-02,154363.0503480914,154363.0503480914,0,122.67,WAITING_PUT_EXPIRY
2024-07-03,154363.0503480914,154363.0503480914,0,128.28,WAITING_PUT_EXPIRY
2024-07-05,154363.0503480914,154363.0503480914,0,125.83,WAITING_PUT_EXPIRY
2024-07-08,154363.0503480914,154363.0503480914,0,128.2,WAITING_PUT_EXPIRY
2024-07-09,154363.0503480914,154363.0503480914,0,131.38,WAITING_PUT_EXPIRY
2024-07-10,154363.0503480914,154363.0503480914,0,134.91,WAITING_PUT_EXPIRY
2024-07-11,154363.0503480914,154363.0503480914,0,127.4,WAITING_PUT_EXPIRY
2024-07-12,154363.0503480914,154363.0503480914,0,129.24,WAITING_PUT_EXPIRY
2024-07-15,154363.0503480914,154363.0503480914,0,128.44,WAITING_PUT_EXPIRY
2024-07-16,154363.0503480914,154363.0503480914,0,126.36,WAITING_PUT_EXPIRY
2024-07-17,154363.0503480914,154363.0503480914,0,117.99,WAITING_PUT_EXPIRY
2024-07-18,154363.0503480914,154363.0503480914,0,121.09,WAITING_PUT_EXPIRY
2024-07-19,154363.0503480914,154363.0503480914,0,117.93,WAITING_PUT_EXPIRY
2024-07-22,154363.0503480914,154363.0503480914,0,123.54,WAITING_PUT_EXPIRY
2024-07-23,154363.0503480914,154363.0503480914,0,122.59,WAITING_PUT_EXPIRY
2024-07-24,154363.0503480914,154363.0503480914,0,114.25,WAITING_PUT_EXPIRY
2024-07-25,154363.0503480914,154363.0503480914,0,112.28,WAITING_PUT_EXPIRY
2024-07-26,154363.0503480914,154363.0503480914,0,113.06,WAITING_PUT_EXPIRY
2024-07-29,154363.0503480914,154363.0503480914,0,111.59,WAITING_PUT_EXPIRY
2024-07-30,154363.0503480914,154363.0503480914,0,103.73,WAITING_PUT_EXPIRY
2024-07-31,154363.0503480914,154363.0503480914,0,117.02,WAITING_PUT_EXPIRY
2024-08-01,154363.0503480914,154363.0503480914,0,109.21,WAITING_PUT_EXPIRY
2024-08-02,153914.4003480914,143187.4003480914,100,107.27,WAITING_CALL_EXPIRY
2024-08-05,153232.4003480914,143187.4003480914,100,100.45,WAITING_CALL_EXPIRY
2024-08-06,153612.4003480914,143187.4003480914,100,104.25,WAITING_CALL_EXPIRY
2024-08-07,153078.4003480914,143187.4003480914,100,98.91,WAITING_CALL_EXPIRY
2024-08-08,153684.4003480914,143187.4003480914,100,104.97,WAITING_CALL_EXPIRY
2024-08-09,153662.4003480914,143187.4003480914,100,104.75,WAITING_CALL_EXPIRY
2024-08-12,154089.4003480914,143187.4003480914,100,109.02,WAITING_CALL_EXPIRY
2024-08-13,154801.4003480914,143187.4003480914,100,116.14,WAITING_CALL_EXPIRY
2024-08-14,154995.4003480914,143187.4003480914,100,118.08,WAITING_CALL_EXPIRY
2024-08-15,155473.4003480914,143187.4003480914,100,122.86,WAITING_CALL_EXPIRY
2024-08-16,155645.4003480914,143187.4003480914,100,124.58,WAITING_CALL_EXPIRY
2024-08-19,156187.4003480914,143187.4003480914,100,130.0,WAITING_CALL_EXPIRY
2024-08-20,155912.4003480914,143187.4003480914,100,127.25,WAITING_CALL_EXPIRY
2024-08-21,156037.4003480914,143187.4003480914,100,128.5,WAITING_CALL_EXPIRY
2024-08-22,155561.4003480914,143187.4003480914,100,123.74,WAITING_CALL_EXPIRY
2024-08-23,156124.4003480914,143187.4003480914,100,129.37,WAITING_CALL_EXPIRY
2024-08-26,155833.4003480914,143187.4003480914,100,126.46,WAITING_CALL_EXPIRY
2024-08-27,156017.4003480914,143187.4003480914,100,128.3,WAITING_CALL_EXPIRY
2024-08-28,155748.4003480914,143187.4003480914,100,125.61,WAITING_CALL_EXPIRY
2024-08-29,154946.4003480914,143187.4003480914,100,117.59,WAITING_CALL_EXPIRY
2024-08-30,155124.4003480914,143187.4003480914,100,119.37,WAITING_CALL_EXPIRY
2024-09-03,153987.4003480914,143187.4003480914,100,108.0,WAITING_CALL_EXPIRY
2024-09-04,153808.4003480914,143187.4003480914,100,106.21,WAITING_CALL_EXPIRY
2024-09-05,153908.4003480914,143187.4003480914,100,107.21,WAITING_CALL_EXPIRY
2024-09-06,153750.25033092528,143467.25033092528,100,102.83,WAITING_CALL_EXPIRY
2024-09-09,154114.25033092528,143467.25033092528,100,106.47,WAITING_CALL_EXPIRY
2024-09-10,154277.25033092528,143467.25033092528,100,108.1,WAITING_CALL_EXPIRY
2024-09-11,155158.25033092528,143467.25033092528,100,116.91,WAITING_CALL_EXPIRY
2024-09-12,155381.25033092528,143467.25033092528,100,119.14,WAITING_CALL_EXPIRY
2024-09-13,155377.25033092528,143467.25033092528,100,119.1,WAITING_CALL_EXPIRY
2024-09-16,155145.25033092528,143467.25033092528,100,116.78,WAITING_CALL_EXPIRY
2024-09-17,155026.25033092528,143467.25033092528,100,115.59,WAITING_CALL_EXPIRY
2024-09-18,154804.25033092528,143467.25033092528,100,113.37,WAITING_CALL_EXPIRY
2024-09-19,155254.25033092528,143467.25033092528,100,117.87,WAITING_CALL_EXPIRY
2024-09-20,155067.25033092528,143467.25033092528,100,116.0,WAITING_CALL_EXPIRY
2024-09-23,155093.25033092528,143467.25033092528,100,116.26,WAITING_CALL_EXPIRY
2024-09-24,155554.25033092528,143467.25033092528,100,120.87,WAITING_CALL_EXPIRY
2024-09-25,155818.25033092528,143467.25033092528,100,123.51,WAITING_CALL_EXPIRY
2024-09-26,155871.25033092528,143467.25033092528,100,124.04,WAITING_CALL_EXPIRY
2024-09-27,155607.25033092528,143467.25033092528,100,121.4,WAITING_CALL_EXPIRY
2024-09-30,155611.25033092528,143467.25033092528,100,121.44,WAITING_CALL_EXPIRY
2024-10-01,155167.25033092528,143467.25033092528,100,117.0,WAITING_CALL_EXPIRY
2024-10-02,155352.25033092528,143467.25033092528,100,118.85,WAITING_CALL_EXPIRY
2024-10-03,155752.25033092528,143467.25033092528,100,122.85,WAITING_CALL_EXPIRY
2024-10-04,155096.6003261569,155096.6003261569,0,124.92,WAITING_PUT_EXPIRY
2024-10-07,155096.6003261569,155096.6003261569,0,127.72,WAITING_PUT_EXPIRY
2024-10-08,155096.6003261569,155096.6003261569,0,132.89,WAITING_PUT_EXPIRY
2024-10-09,155096.6003261569,155096.6003261569,0,132.65,WAITING_PUT_EXPIRY
2024-10-10,155096.6003261569,155096.6003261569,0,134.81,WAITING_PUT_EXPIRY
2024-10-11,155096.6003261569,155096.6003261569,0,134.8,WAITING_PUT_EXPIRY
2024-10-14,155096.6003261569,155096.6003261569,0,138.07,WAITING_PUT_EXPIRY
2024-10-15,155096.6003261569,155096.6003261569,0,131.6,WAITING_PUT_EXPIRY
2024-10-16,155096.6003261569,155096.6003261569,0,135.72,WAITING_PUT_EXPIRY
2024-10-17,155096.6003261569,155096.6003261569,0,136.93,WAITING_PUT_EXPIRY
2024-10-18,155096.6003261569,155096.6003261569,0,138.0,WAITING_PUT_EXPIRY
2024-10-21,155096.6003261569,155096.6003261569,0,143.71,WAITING_PUT_EXPIRY
2024-10-22,155096.6003261569,155096.6003261569,0,143.59,WAITING_PUT_EXPIRY
2024-10-23,155096.6003261569,155096.6003261569,0,139.56,WAITING_PUT_EXPIRY
2024-10-24,155096.6003261569,155096.6003261569,0,140.41,WAITING_PUT_EXPIRY
2024-10-25,155096.6003261569,155096.6003261569,0,141.54,WAITING_PUT_EXPIRY
2024-10-28,155096.6003261569,155096.6003261569,0,140.52,WAITING_PUT_EXPIRY
2024-10-29,155096.6003261569,155096.6003261569,0,141.25,WAITING_PUT_EXPIRY
2024-10-30,155096.6003261569,155096.6003261569,0,139.335,WAITING_PUT_EXPIRY
2024-10-31,155096.6003261569,155096.6003261569,0,132.76,WAITING_PUT_EXPIRY
2024-11-01,155585.95028800995,155585.95028800995,0,135.4,WAITING_PUT_EXPIRY
2024-11-04,155585.95028800995,155585.95028800995,0,136.05,WAITING_PUT_EXPIRY
2024-11-05,155585.95028800995,155585.95028800995,0,139.91,WAITING_PUT_EXPIRY
2024-11-06,155585.95028800995,155585.95028800995,0,145.61,WAITING_PUT_EXPIRY
2024-11-07,155585.95028800995,155585.95028800995,0,148.88,WAITING_PUT_EXPIRY
2024-11-08,155585.95028800995,155585.95028800995,0,147.63,WAITING_PUT_EXPIRY
2024-11-11,155585.95028800995,155585.95028800995,0,145.26,WAITING_PUT_EXPIRY
2024-11-12,155585.95028800995,155585.95028800995,0,148.29,WAITING_PUT_EXPIRY
2024-11-13,155585.95028800995,155585.95028800995,0,146.27,WAITING_PUT_EXPIRY
2024-11-14,155585.95028800995,155585.95028800995,0,146.76,WAITING_PUT_EXPIRY
2024-11-15,155585.95028800995,155585.95028800995,0,141.98,WAITING_PUT_EXPIRY
2024-11-18,155585.95028800995,155585.95028800995,0,140.15,WAITING_PUT_EXPIRY
2024-11-19,155585.95028800995,155585.95028800995,0,147.01,WAITING_PUT_EXPIRY
2024-11-20,155585.95028800995,155585.95028800995,0,145.89,WAITING_PUT_EXPIRY
2024-11-21,155585.95028800995,155585.95028800995,0,146.67,WAITING_PUT_EXPIRY
2024-11-22,155585.95028800995,155585.95028800995,0,141.95,WAITING_PUT_EXPIRY
2024-11-25,155585.95028800995,155585.95028800995,0,136.02,WAITING_PUT_EXPIRY
2024-11-26,155585.95028800995,155585.95028800995,0,136.92,WAITING_PUT_EXPIRY
2024-11-27,155585.95028800995,155585.95028800995,0,135.34,WAITING_PUT_EXPIRY
2024-11-29,155851.30029659302,155851.30029659302,0,138.25,WAITING_PUT_EXPIRY
2024-12-02,155851.30029659302,155851.30029659302,0,138.63,WAITING_PUT_EXPIRY
2024-12-03,155851.30029659302,155851.30029659302,0,140.26,WAITING_PUT_EXPIRY
2024-12-04,155851.30029659302,155851.30029659302,0,145.14,WAITING_PUT_EXPIRY
2024-12-05,155851.30029659302,155851.30029659302,0,145.06,WAITING_PUT_EXPIRY
2024-12-06,155851.30029659302,155851.30029659302,0,142.44,WAITING_PUT_EXPIRY
2024-12-09,155851.30029659302,155851.30029659302,0,138.81,WAITING_PUT_EXPIRY
2024-12-10,155851.30029659302,155851.30029659302,0,135.07,WAITING_PUT_EXPIRY
2024-12-11,155851.30029659302,155851.30029659302,0,139.31,WAITING_PUT_EXPIRY
2024-12-12,155851.30029659302,155851.30029659302,0,137.34,WAITING_PUT_EXPIRY
2024-12-13,155851.30029659302,155851.30029659302,0,134.25,WAITING_PUT_EXPIRY
2024-12-16,155851.30029659302,155851.30029659302,0,132.0,WAITING_PUT_EXPIRY
2024-12-17,155851.30029659302,155851.30029659302,0,130.39,WAITING_PUT_EXPIRY
2024-12-18,155851.30029659302,155851.30029659302,0,128.91,WAITING_PUT_EXPIRY
2024-12-19,155851.30029659302,155851.30029659302,0,130.68,WAITING_PUT_EXPIRY
2024-12-20,155851.30029659302,155851.30029659302,0,134.7,WAITING_PUT_EXPIRY
2024-12-23,155851.30029659302,155851.30029659302,0,139.67,WAITING_PUT_EXPIRY
2024-12-24,155851.30029659302,155851.30029659302,0,140.22,WAITING_PUT_EXPIRY
2024-12-26,155851.30029659302,155851.30029659302,0,139.93,WAITING_PUT_EXPIRY
2024-12-27,156190.65030612977,156190.65030612977,0,137.01,WAITING_PUT_EXPIRY
2024-12-30,156190.65030612977,156190.65030612977,0,137.49,WAITING_PUT_EXPIRY
2024-12-31,156190.65030612977,156190.65030612977,0,134.29,WAITING_PUT_EXPIRY
