secid,date,low,high,open,close,cfadj
108321,2020-01-02,236.72,239.91,238.75,239.91,12
108321,2020-01-03,234.1,237.83,235.1,236.07,12
108321,2020-01-06,231.27,237.27,232.32,237.06,12
108321,2020-01-07,236.39,241.77,238.2,239.93,12
108321,2020-01-08,238.149,242.04,239.76,240.38,12
108321,2020-01-09,240.855,245.9297,243.85,243.02,12
108321,2020-01-10,243.75,248.55,247.33,244.32,12
108321,2020-01-13,246.75,252.9884,247.66,251.98,12
108321,2020-01-14,246.75,251.28,250.26,247.28,12
108321,2020-01-15,244.53,248.6891,247.79,245.57,12
108321,2020-01-16,246.775,249.17,247.72,248.93,12
108321,2020-01-17,247.37,250,249.7,249.28,12
108321,2020-01-21,246.5703,249.29,247.805,247.94,12
108321,2020-01-22,249,253.59,249.76,250.05,12
108321,2020-01-23,248.15,253.2,251.72,252.86,12
108321,2020-01-24,248.3,259.5,257.5,250.48,12
108321,2020-01-27,232.23,242.25,238.24,240.2,12
108321,2020-01-28,240.7143,249.27,242.85,247.97,12
108321,2020-01-29,243.94,248.84,247.39,245.54,12
108321,2020-01-30,239.4,246.35,241.61,245.81,12
108321,2020-01-31,234.75,244.45,243.97,236.43,12
108321,2020-02-03,235.45,241.1111,235.7,240.33,12
108321,2020-02-04,244.02,247.9,246.03,247.13,12
108321,2020-02-05,247.41,252.4,251.99,250.76,12
108321,2020-02-06,248.88,254.25,252.14,254.245,12
108321,2020-02-07,250.572,253.53,252.64,251.59,12
108321,2020-02-10,252.3,263,252.5,262.97,12
108321,2020-02-11,264.83,272.5,267.32,267.89,12
108321,2020-02-12,268.4474,272.8,270.01,272.54,12
108321,2020-02-13,269.11,273.48,270.21,270.78,12
108321,2020-02-14,286,294.97,287.26,289.79,12
108321,2020-02-18,284.86,297.31,285.6435,296.57,12
108321,2020-02-19,301.4856,315.41,301.49,314.7,12
108321,2020-02-20,296.35,316.32,312.765,308.7,12
108321,2020-02-21,290.66,305.2,304.19,294.07,12
108321,2020-02-24,268,281.8723,270.19,273.28,12
108321,2020-02-25,257.96,278.79,276.3035,262.05,12
108321,2020-02-26,262,275.45,262.06,267.65,12
108321,2020-02-27,248.89,267,254.9,252.6,12
108321,2020-02-28,241.79,272.46,242.455,270.07,12
108321,2020-03-02,261,277.59,276.9,276.43,12
108321,2020-03-03,262.4601,281.07,278.6665,265.89,12
108321,2020-03-04,267.2,284.89,270.2,284.51,12
108321,2020-03-05,271.5,283.2,276.5,273.29,12
108321,2020-03-06,258,268.39,266.08,266.04,12
108321,2020-03-09,238.18,259.4,239.9,245.44,12
108321,2020-03-10,245.99,261.08,256.54,261.08,12
108321,2020-03-11,242.57,256.6,255.455,246.47,12
108321,2020-03-12,215.8,236.119,225.46,216.31,12
108321,2020-03-13,219.61,241.02,230.5,240.84,12
108321,2020-03-16,194,226.1,212.41,196.4,12
108321,2020-03-17,191,220.86,200.91,217.27,12
108321,2020-03-18,180.6807,209.94,200.095,202.82,12
108321,2020-03-19,193.39,216.73,201.96,212.97,12
108321,2020-03-20,205.13,230.32,219,205.75,12
108321,2020-03-23,198.52,216.48,205.71,212.69,12
108321,2020-03-24,228.05,252.66,229,249.18,12
108321,2020-03-25,243.66,261.82,253.8,245.62,12
108321,2020-03-26,250,262.22,253.94,257.24,12
108321,2020-03-27,248.68,263.1177,250,252.73,12
108321,2020-03-30,253.59,265.96,255.36,265.59,12
108321,2020-03-31,257.75,275.3999,267.2,263.6,12
108321,2020-04-01,241.28,261.53,255.65,243.07,12
108321,2020-04-02,242.31,256,244.24,255.47,12
108321,2020-04-03,238.39,255.63,253.96,243.91,12
108321,2020-04-06,252.93,269.88,255.24,268.4,12
108321,2020-04-07,257.3,278.25,277.3,259.03,12
108321,2020-04-08,260.6,267.95,263.41,266.95,12
108321,2020-04-09,260.42,272.92,272,262.95,12
108321,2020-04-13,257,270.2,260.55,269.85,12
108321,2020-04-14,273.8893,285.32,275,283.95,12
108321,2020-04-15,275.38,284.1671,277.2,280.84,12
108321,2020-04-16,286.55,299,287.08,294.7,12
108321,2020-04-17,286.94,298.86,298,292.32,12
108321,2020-04-20,285.27,293.5,287.24,287.05,12
108321,2020-04-21,267.11,284.77,282.31,269.51,12
108321,2020-04-22,275.4,287.87,277.23,286.15,12
108321,2020-04-23,283,293.1375,287.84,284.01,12
108321,2020-04-24,280.6,289.67,283.6,289.59,12
108321,2020-04-27,294,303.5,294.99,297.08,12
108321,2020-04-28,291.14,304.2,303,291.36,12
108321,2020-04-29,293.75,300.58,296.77,298.46,12
108321,2020-04-30,291.72,298.46,296.2926,292.28,12
108321,2020-05-01,280.8432,288.9,284.35,282.78,12
108321,2020-05-04,280.88,291.84,280.88,291.285,12
108321,2020-05-05,291.29,300.27,295.47,293.74,12
108321,2020-05-06,295.41,302,296.93,297.79,12
108321,2020-05-07,301.323,307.41,303.38,304.87,12
108321,2020-05-08,306.39,312.75,307.75,312.5,12
108321,2020-05-11,311.15,324.5,312.3,322.62,12
108321,2020-05-12,311.71,326.9,324.94,312.1,12
108321,2020-05-13,303.79,323.14,316.7,311.2,12
108321,2020-05-14,307.5,321.44,313.665,321.22,12
108321,2020-05-15,314.96,340.02,315.59,339.63,12
108321,2020-05-18,347.2201,356.66,350.42,350.01,12
108321,2020-05-19,350.51,363.5,351.61,352.22,12
108321,2020-05-20,355.55,361.72,359.64,358.8,12
108321,2020-05-21,349.5,362.0962,362.06,351.01,12
108321,2020-05-22,348.53,363.72,353.01,361.05,12
108321,2020-05-26,346.88,367.27,366.27,348.71,12
108321,2020-05-27,319.87,345.31,345,341.01,12
108321,2020-05-28,335.17,350.42,336.49,339.48,12
108321,2020-05-29,339.4,355.02,342.18,355.02,12
108321,2020-06-01,347.58,353.63,353.33,352.25,12
108321,2020-06-02,346.32,353.49,351.85,353.01,12
108321,2020-06-03,348,354.65,352.89,350.78,12
108321,2020-06-04,347.1,357.73,349.12,350.66,12
108321,2020-06-05,348.3192,359.88,351.78,356.8,12
108321,2020-06-08,347.43,355.585,355.09,352.2,12
108321,2020-06-09,350.05,364.3899,352,361.84,12
108321,2020-06-10,366.14,380,366.71,374.67,12
108321,2020-06-11,351.44,370.45,366,351.85,12
108321,2020-06-12,348.1338,367.49,366.5,357.3,12
108321,2020-06-15,349.75,367.29,352.61,366.95,12
108321,2020-06-16,353.5501,370.67,369,362.74,12
108321,2020-06-17,362.81,371.96,364.55,369.44,12
108321,2020-06-18,364.58,371.3,369.08,368.72,12
108321,2020-06-19,369.0935,377.8,369.7,370.45,12
108321,2020-06-22,370.932,381.25,372,381.07,12
108321,2020-06-23,376.3,385.7,382.04,378,12
108321,2020-06-24,365.7802,382.2552,379.05,369.42,12
108321,2020-06-25,367.29,380.2,374.23,379.6,12
108321,2020-06-26,365,380,380,366.2,12
108321,2020-06-29,356,368.18,366.79,368,12
108321,2020-06-30,370.6601,381.05,372.5597,379.91,12
108321,2020-07-01,376.52,383.0269,380.83,381.2,12
108321,2020-07-02,383.13,389.5,385.56,384.49,12
108321,2020-07-06,388.5,396.35,389.67,393.57,12
108321,2020-07-07,394.03,402.8,397.85,394.87,12
108321,2020-07-08,398.62,409,399.75,408.64,12
108321,2020-07-09,409.34,422.8,415.21,420.36,12
108321,2020-07-10,415.15,426.21,423.55,419.17,12
108321,2020-07-13,401,431.6899,423.8,402.09,12
108321,2020-07-14,391.42,416.11,403,415.08,12
108321,2020-07-15,402.23,417.32,416.57,409.09,12
108321,2020-07-16,395.82,408.2699,400.6,405.39,12
108321,2020-07-17,403.5101,409.94,409.02,408.06,12
108321,2020-07-20,406.27,421.25,410.97,420.43,12
108321,2020-07-21,411.47,422.3971,420.52,413.14,12
108321,2020-07-22,411.6623,424.1,414.7,417.55,12
108321,2020-07-23,401.25,421.88,418,405.19,12
108321,2020-07-24,391.08,414.59,395,407.78,12
108321,2020-07-27,408.71,417.67,409.29,416.86,12
108321,2020-07-28,408.37,415.28,414.97,408.62,12
108321,2020-07-29,413.88,420.65,415.632,418.62,12
108321,2020-07-30,411.81,424.9218,415,424.56,12
108321,2020-07-31,417.32,430.66,422.53,424.59,12
108321,2020-08-03,428.61,443.95,429.3,440.41,12
108321,2020-08-04,436.2401,449.11,442,449.11,12
108321,2020-08-05,446.65,454.8672,449.76,451.47,12
108321,2020-08-06,447.15,454.32,453.99,453.42,12
108321,2020-08-07,441.5,460.19,452.5,447.98,12
108321,2020-08-10,434.26,456.33,453.37,446.6,12
108321,2020-08-11,431.83,445.47,442.95,434,12
108321,2020-08-12,438.33,458.68,439.63,457.61,12
108321,2020-08-13,454.23,468.87,461.84,457.72,12
108321,2020-08-14,457.62,468.19,461.2,462.56,12
108321,2020-08-17,472.6876,496.39,474.05,493.48,12
108321,2020-08-18,483.45,499.84,498,490.43,12
108321,2020-08-19,483.92,492.6,491.86,485.54,12
108321,2020-08-20,475.15,495,479,485.64,12
108321,2020-08-21,487.8064,512.348,488.07,507.34,12
108321,2020-08-24,500.3,516.5,515.35,508.81,12
108321,2020-08-25,502.95,510.45,505.23,510,12
108321,2020-08-26,507.11,514.7396,511.9694,510.92,12
108321,2020-08-27,502.6573,514,511.26,505.13,12
108321,2020-08-28,505.7,525.92,506.9965,525.91,12
108321,2020-08-31,521.51,543,527.3114,534.98,12
108321,2020-09-01,537.46,559.75,539.2,552.84,12
108321,2020-09-02,556,589.0699,588.15,573.86,12
108321,2020-09-03,515.15,555.38,553.1454,520.62,12
108321,2020-09-04,468.19,527,511.35,504.9,12
108321,2020-09-08,468.17,502,469.38,476.52,12
108321,2020-09-09,489.27,512.37,496,508.6,12
108321,2020-09-10,486.68,522.61,519.57,492.47,12
108321,2020-09-11,475.83,506.1,499.42,486.58,12
108321,2020-09-14,505.2457,532.6,523.24,514.89,12
108321,2020-09-15,513.11,531.95,531.2,519.64,12
108321,2020-09-16,500.55,523.71,518.29,500.58,12
108321,2020-09-17,481.39,503.59,485.2894,498.54,12
108321,2020-09-18,479.55,505.3,503.75,487.57,12
108321,2020-09-21,476.18,500.9,477,500.69,12
108321,2020-09-22,486.222,505.9199,503,505.51,12
108321,2020-09-23,483.17,509.08,503.02,484.95,12
108321,2020-09-24,480.56,502.78,482.89,493.92,12
108321,2020-09-25,489.83,515.34,497.9,514.95,12
108321,2020-09-28,510,522.07,521.61,521.4,12
108321,2020-09-29,517.33,537.71,517.5,529.03,12
108321,2020-09-30,526.01,544.9,526.3,541.22,12
108321,2020-10-01,538.4301,550.5095,550.32,544.58,12
108321,2020-10-02,522.04,540.78,529,522.49,12
108321,2020-10-05,528.9106,545.77,529.44,545.7,12
108321,2020-10-06,546.6,565.68,553.2,549.46,12
108321,2020-10-07,554.54,564.77,559.99,558.56,12
108321,2020-10-08,550.32,563.38,563,553.55,12
108321,2020-10-09,546.43,552.97,550.68,550.51,12
108321,2020-10-12,556.5,573.88,559.58,569.04,12
108321,2020-10-13,560.745,573.9399,571.86,569.93,12
108321,2020-10-14,558.4,573.71,571.62,563.81,12
108321,2020-10-15,550.71,560.23,552.4272,558.8,12
108321,2020-10-16,551.7,564.86,561.47,552.46,12
108321,2020-10-19,536.27,559.3399,556.115,539.91,12
108321,2020-10-20,540.2801,551.99,543.34,545.82,12
108321,2020-10-21,539.1001,551.66,545,540.99,12
108321,2020-10-22,529.27,544.47,540.9,534.44,12
108321,2020-10-23,531.65,543.73,538,543.61,12
108321,2020-10-26,521.54,547.7117,537.08,525.65,12
108321,2020-10-27,527.66,537.68,532.24,535.87,12
108321,2020-10-28,504.36,530.4,527.92,505.08,12
108321,2020-10-29,510,527.71,513.54,520.96,12
108321,2020-10-30,492,517.455,514,501.36,12
108321,2020-11-02,495.8,513.4663,506.31,503.23,12
108321,2020-11-03,504.11,524.2,508.34,520.78,12
108321,2020-11-04,533.475,553.1,535.57,551.77,12
108321,2020-11-05,559.64,573.56,566.5,566.4,12
108321,2020-11-06,555.8,583.55,564.39,582.48,12
108321,2020-11-09,544.43,587.66,582.1,545.23,12
108321,2020-11-10,505.13,544.26,544.26,510.8,12
108321,2020-11-11,517.93,537.395,522.15,536.72,12
108321,2020-11-12,532.64,550.64,539.1569,538.27,12
108321,2020-11-13,522.37,546.7499,545.0911,531.88,12
108321,2020-11-16,526.2401,545.98,526.9,540.61,12
108321,2020-11-17,532.1549,543.85,542.1,536.89,12
108321,2020-11-18,527.4,544.23,538.61,537.15,12
108321,2020-11-19,524,539.5,528.51,537.61,12
108321,2020-11-20,522.6,539.7799,538.16,523.51,12
108321,2020-11-23,520.62,535.3,526.8452,525.6,12
108321,2020-11-24,515.4,526.48,525.7,518.31,12
108321,2020-11-25,520.8,530.7756,521.3,529.39,12
108321,2020-11-27,526.8218,536.3,535,530.45,12
108321,2020-11-30,518.8941,536.5,530.6,536.06,12
108321,2020-12-01,529.13,541.15,539.69,535.6,12
108321,2020-12-02,529.37,546.9377,534.02,541.78,12
108321,2020-12-03,533.16,546.4,543.5,535.84,12
108321,2020-12-04,535.5476,542.3999,537.94,542.33,12
108321,2020-12-07,540,549.25,544.05,544.27,12
108321,2020-12-08,531.26,543.95,543.4,534,12
108321,2020-12-09,514.7295,536.56,532.02,517.23,12
108321,2020-12-10,513.975,522.7499,514.76,518.89,12
108321,2020-12-11,512.92,520.8,518.69,520.53,12
108321,2020-12-14,523.1,535.55,523.515,532.35,12
108321,2020-12-15,527.47,538.56,537.59,534.42,12
108321,2020-12-16,528.5,537.49,536.8999,529.7,12
108321,2020-12-17,527.14,535.18,534.67,533.65,12
108321,2020-12-18,522.82,536.2,535.16,530.88,12
108321,2020-12-21,518.7,534.8,522.99,533.29,12
108321,2020-12-22,522.1552,533.4899,532.77,531.13,12
108321,2020-12-23,520.2,531,530.24,520.37,12
108321,2020-12-24,517.55,525.3,521.49,519.75,12
108321,2020-12-28,510.527,522.5,522.5,516,12
108321,2020-12-29,513.69,522.9,517,517.73,12
108321,2020-12-30,515.87,528.55,519.6124,525.83,12
108321,2020-12-31,516.6,526.045,525.46,522.2,12
108321,2021-01-04,518.5,546.0999,524.17,524.54,12
108321,2021-01-05,523.48,537.74,523.99,536.19,12
108321,2021-01-06,503.44,529.8,528.9,504.58,12
108321,2021-01-07,515.4601,535.11,518.7,533.76,12
108321,2021-01-08,521.68,536.8399,534.5,531.07,12
108321,2021-01-11,534.5,558.44,536.75,544.86,12
108321,2021-01-12,533.8,550.18,550.1,539.39,12
108321,2021-01-13,535.4001,544.9999,539.5986,541.27,12
108321,2021-01-14,527.22,543.99,543,528.01,12
108321,2021-01-15,513.94,533.01,529.12,514.38,12
108321,2021-01-19,513.76,523.7593,520.65,521.01,12
108321,2021-01-20,522.27,537.22,524.47,534.63,12
108321,2021-01-21,530.1201,559.9743,536.7442,554.7,12
108321,2021-01-22,545.09,553.6693,549.6035,548.5,12
108321,2021-01-25,529.4592,553.14,551.27,546.13,12
108321,2021-01-26,535.5,545.79,543.2176,537.41,12
108321,2021-01-27,511.75,529.31,529.2,516.71,12
108321,2021-01-28,518.42,533.59,519.85,522.04,12
108321,2021-01-29,516.4602,533.39,523,519.59,12
108321,2021-02-01,516.11,530.83,522.1335,529.48,12
108321,2021-02-02,531.4199,542.88,535.95,542.27,12
108321,2021-02-03,540.66,557.27,545.44,541.22,12
108321,2021-02-04,533.5145,546.94,541.24,546.57,12
108321,2021-02-05,541.83,549.49,549,543.64,12
108321,2021-02-08,549.0886,578.95,549.0886,577.55,12
108321,2021-02-09,568.9,583.33,573.625,570.53,12
108321,2021-02-10,573.655,596.2,578.53,590.57,12
108321,2021-02-11,597,610.89,599.21,610.03,12
108321,2021-02-12,591,611.6455,602,598.45,12
108321,2021-02-16,598,614.9,602.57,613.21,12
108321,2021-02-17,591.2,608.9407,606.84,596.24,12
108321,2021-02-18,583,594.93,589.16,593.16,12
108321,2021-02-19,593.868,607.0799,600.98,597.06,12
108321,2021-02-22,573,605.33,590.99,574.23,12
108321,2021-02-23,535.58,569.55,563.01,565.68,12
108321,2021-02-24,550.24,580.27,564.91,579.96,12
108321,2021-02-25,528.65,574.99,561.8167,532.3,12
108321,2021-02-26,534.44,554.18,550.1,548.58,12
108321,2021-03-01,542.1299,557,555,553.67,12
108321,2021-03-02,535.84,556.82,556,536.25,12
108321,2021-03-03,511.95,538.06,537.05,512.19,12
108321,2021-03-04,483.35,519,512.03,494.81,12
108321,2021-03-05,467.17,502,502,498.46,12
108321,2021-03-08,462.66,498.85,498,463.73,12
108321,2021-03-09,482.37,504.67,485.21,500.81,12
108321,2021-03-10,498.3,519.2,513.62,498.73,12
108321,2021-03-11,509.38,521.85,518,519.74,12
108321,2021-03-12,503.6,515.55,505.93,514.24,12
108321,2021-03-15,510.685,528.27,514.59,527.65,12
108321,2021-03-16,524.67,540.5,534.26,531.65,12
108321,2021-03-17,519.58,538.13,521.59,533.65,12
108321,2021-03-18,508.6817,527.36,525.46,508.9,12
108321,2021-03-19,504.5,516.86,510,513.83,12
108321,2021-03-22,516.27,535.78,516.51,527.45,12
108321,2021-03-23,520.85,533.78,530.17,522.83,12
108321,2021-03-24,505.47,526.365,526.05,505.72,12
108321,2021-03-25,490.88,508.59,499.98,501.41,12
108321,2021-03-26,494.94,514.25,502.18,513.57,12
108321,2021-03-29,508,522.5,512.81,517.93,12
108321,2021-03-30,508.2,519.01,513.678,514.87,12
108321,2021-03-31,519.3,538.82,520.62,533.93,12
108321,2021-04-01,540.45,554.8,542.89,552.47,12
108321,2021-04-05,549.32,560.5585,554.7,559.5,12
108321,2021-04-06,550.9449,562.165,559.9871,554.46,12
108321,2021-04-07,548.46,569.7399,555.23,565.74,12
108321,2021-04-08,569.9577,578.86,570.11,572.68,12
108321,2021-04-09,567,576.32,568.56,576,12
108321,2021-04-12,565.57,614.1,571.59,608.36,12
108321,2021-04-13,605.03,628,609.26,627.18,12
108321,2021-04-14,609.1,628.8184,625,611.08,12
108321,2021-04-15,625.26,648.566,626.5,645.49,12
108321,2021-04-16,634.61,646.63,642.1235,636.5,12
108321,2021-04-19,609.3201,632.3,621.4616,614.47,12
108321,2021-04-20,598.52,619.88,612.93,606.85,12
108321,2021-04-21,604.09,614.5,604.75,614.42,12
108321,2021-04-22,591.34,617.5427,615,594.01,12
108321,2021-04-23,596.01,613.395,597.3745,610.61,12
108321,2021-04-26,605,619.16,607.4018,619.12,12
108321,2021-04-27,614.18,626.82,623.14,615.27,12
108321,2021-04-28,608.6207,621.29,614.58,611.07,12
108321,2021-04-29,602.86,617.46,616,612.99,12
108321,2021-04-30,599.88,614.5999,606.98,600.38,12
108321,2021-05-03,591.5,609.87,605,593.47,12
108321,2021-05-04,560.4101,585.5,585.49,574.05,12
108321,2021-05-05,575.5,592.54,588.36,578.34,12
108321,2021-05-06,568.7236,582.85,579.81,580.92,12
108321,2021-05-07,586.8683,598.83,592.33,592.49,12
108321,2021-05-10,570,592.24,591.49,570.63,12
108321,2021-05-11,550,574.19,553,572.25,12
108321,2021-05-12,548.37,570.41,560.38,550.34,12
108321,2021-05-13,538.36,563.23,561.35,546.61,12
108321,2021-05-14,549.94,573.1242,555.6,569.72,12
108321,2021-05-17,554.14,566.77,566.28,566.62,12
108321,2021-05-18,560.16,576.17,570.68,560.63,12
108321,2021-05-19,541.73,563.18,542.66,562.63,12
108321,2021-05-20,570.82,587.3514,572.1,584.5,12
108321,2021-05-21,594.7756,608.88,606.55,599.67,12
108321,2021-05-24,607.04,629.8,608.5,624.48,12
108321,2021-05-25,619.3,632.7399,630.64,625.91,12
108321,2021-05-26,623.45,631.75,629.37,628,12
108321,2021-05-27,618.4,630,627.99,619.52,12
108321,2021-05-28,620.04,651.099,620.04,649.78,12
108321,2021-06-01,636.13,655.525,650.8,650.58,12
108321,2021-06-02,649.42,676.7547,650.09,671.13,12
108321,2021-06-03,663.32,690.36,668.03,678.79,12
108321,2021-06-04,683.82,706.44,684.5,703.13,12
108321,2021-06-07,687.71,712.5,702.8456,704.76,12
108321,2021-06-08,690.04,704.8635,701.09,698.28,12
108321,2021-06-09,690.23,703,700.63,694.33,12
108321,2021-06-10,687.0401,699.68,694,697,12
108321,2021-06-11,697.75,717.569,699.18,713.01,12
108321,2021-06-14,706.5101,721.58,716.24,720.75,12
108321,2021-06-15,709.118,720.65,716.6,711.54,12
108321,2021-06-16,703.377,718.1871,711.63,712.41,12
108321,2021-06-17,710.2501,753.4,710.9827,746.29,12
108321,2021-06-18,743.36,775,751.36,745.55,12
108321,2021-06-21,712.906,741.46,737.41,737.09,12
108321,2021-06-22,735.435,758.55,738.86,755.47,12
108321,2021-06-23,756.31,766.11,760.31,762.29,12
108321,2021-06-24,763.53,776.8,769.11,768.22,12
108321,2021-06-25,755.775,773.82,771.22,761.24,12
108321,2021-06-28,772.76,803.15,774.45,799.4,12
108321,2021-06-29,786.275,803.95,795.3,801.07,12
108321,2021-06-30,794.55,806.5,799.965,800.1,12
108321,2021-07-01,800.76,818.24,805,808.48,12
108321,2021-07-02,811.51,820.21,817.605,819.48,12
108321,2021-07-06,814.01,833.68,829.5,827.94,12
108321,2021-07-07,813.282,835,834.14,814.87,12
108321,2021-07-08,788.03,805.32,794.26,796.11,12
108321,2021-07-09,790.17,803.205,798.5,802.01,12
108321,2021-07-12,807.51,821.31,809.6,820.5,12
108321,2021-07-13,804.5601,818.45,816.02,810,12
108321,2021-07-14,790.11,816.71,814.31,793.66,12
108321,2021-07-15,754.3401,793.88,792.47,758.65,12
108321,2021-07-16,722.92,766.2844,761.22,726.44,12
108321,2021-07-19,714.62,761.68,716.61,751.19,12
108321,2021-07-20,181.64,188.38,187.3,186.12,48
108321,2021-07-21,187.42,195.27,188.82,194.1,48
108321,2021-07-22,192.76,198.87,196.42,195.94,48
108321,2021-07-23,192.5,197,196.5635,195.58,48
108321,2021-07-26,189.14,194.42,193.11,192.94,48
108321,2021-07-27,187.41,196.22,192.65,192.08,48
108321,2021-07-28,189.95,196.46,193.192,195.03,48
108321,2021-07-29,193.2803,198.53,195.19,196.62,48
108321,2021-07-30,192.63,196.3,194.18,194.99,48
108321,2021-08-02,193.61,199.61,197,197.5,48
108321,2021-08-03,192.2,202.22,197.4,198.15,48
108321,2021-08-04,198.28,203.18,199.9,202.74,48
108321,2021-08-05,203.42,207.33,205,206.37,48
108321,2021-08-06,202.1,205.7,205.24,203.66,48
108321,2021-08-09,201.43,205.0799,204.46,202.95,48
108321,2021-08-10,198.3454,204.3,203.22,199.36,48
108321,2021-08-11,194.3,200.49,200.43,196.99,48
108321,2021-08-12,196.2,200.2899,198.7,199.05,48
108321,2021-08-13,198.51,202.1381,199.05,201.88,48
108321,2021-08-16,194.53,202.87,201.35,199.5,48
108321,2021-08-17,192.67,197.7,196.85,194.58,48
108321,2021-08-18,190,196.3365,195,190.4,48
108321,2021-08-19,187.62,204.95,194.94,197.98,48
108321,2021-08-20,199.33,208.6506,199.91,208.16,48
108321,2021-08-23,209.5,219.97,209.71,219.58,48
108321,2021-08-24,215.35,219.59,217.53,217.93,48
108321,2021-08-25,217.22,224.7,217.37,222.13,48
108321,2021-08-26,217.9,223.4,222,220.68,48
108321,2021-08-27,221.67,227.22,221.84,226.36,48
108321,2021-08-30,225.51,230.43,228.2997,226.88,48
108321,2021-08-31,221.2,226.95,226.95,223.85,48
108321,2021-09-01,223.565,226.97,224.85,224.41,48
108321,2021-09-02,222.945,225.9299,225.18,223.96,48
108321,2021-09-03,222,229.86,223.25,228.43,48
108321,2021-09-07,225.224,228.99,228.33,226.62,48
108321,2021-09-08,219.77,226.1,225.13,223.39,48
108321,2021-09-09,221.31,225.38,223.12,221.77,48
108321,2021-09-10,222.7,226.26,223.4831,224.78,48
108321,2021-09-13,218.58,229.64,226.84,221.52,48
108321,2021-09-14,220.86,224.1,222.75,222.42,48
108321,2021-09-15,219.66,223.6699,223.09,223.41,48
108321,2021-09-16,219.27,222.77,221.8345,222.42,48
108321,2021-09-17,218.3,223.21,223,219,48
108321,2021-09-20,206.62,214.33,211.46,211.13,48
108321,2021-09-21,209.5,214.25,214.165,212.46,48
108321,2021-09-22,211.96,219.6,213.655,219.41,48
108321,2021-09-23,218.9,225.345,221.4,224.82,48
108321,2021-09-24,218.61,221.49,220.7,220.81,48
108321,2021-09-27,213.25,217.99,217.1035,216.6,48
108321,2021-09-28,206.51,214.19,212.135,206.99,48
108321,2021-09-29,204.67,210.17,209.395,205.17,48
108321,2021-09-30,206.88,210.66,207.684,207.16,48
108321,2021-10-01,202.03,208.59,207.5,207.42,48
108321,2021-10-04,195.55,205.4179,205.04,197.32,48
108321,2021-10-05,198.54,206.48,199.5,204.51,48
108321,2021-10-06,200.8,207.2,201.2,207,48
108321,2021-10-07,209.72,213.22,210.92,210.75,48
108321,2021-10-08,207.75,212.06,211.01,208.31,48
108321,2021-10-11,205.11,210.63,205.75,206.95,48
108321,2021-10-12,205.28,210.57,208.275,206.71,48
108321,2021-10-13,207.13,209.9,209.18,209.39,48
108321,2021-10-14,211.2201,217.55,212.88,217.46,48
108321,2021-10-15,216.62,219.31,218.1,218.62,48
108321,2021-10-18,216.44,222.91,217.49,222.22,48
108321,2021-10-19,220.37,223.79,222.76,222.9,48
108321,2021-10-20,219.82,224.33,223.045,221.03,48
108321,2021-10-21,220.83,227.11,220.97,226.92,48
108321,2021-10-22,225.61,231.3,228.23,227.26,48
108321,2021-10-25,227.7,233.5499,229.73,231.66,48
108321,2021-10-26,239.24,252.59,239.89,247.17,48
108321,2021-10-27,242.8201,250.9,244.74,244.51,48
108321,2021-10-28,245.23,249.5,248.78,249.41,48
108321,2021-10-29,250,257.09,250.005,255.67,48
108321,2021-11-01,252.27,258.94,256.49,258.27,48
108321,2021-11-02,258,266.78,258.22,264.01,48
108321,2021-11-03,262.35,267.84,266.7,265.98,48
108321,2021-11-04,271.18,313.65,272.29,298.01,48
108321,2021-11-05,294.1,314,301.87,297.52,48
108321,2021-11-08,299.07,311,301.49,308.04,48
108321,2021-11-09,299.64,323.1,322.82,306.57,48
108321,2021-11-10,287.78,308.5,293.56,294.59,48
108321,2021-11-11,297.7701,305.9,304.68,303.9,48
108321,2021-11-12,296.3,306.8,300.1,303.9,48
108321,2021-11-15,292.47,306.44,305.52,300.25,48
108321,2021-11-16,297.0587,303.9,297.59,302.03,48
108321,2021-11-17,288,305.09,304.18,292.61,48
108321,2021-11-18,313.21,327.6,323.67,316.75,48
108321,2021-11-19,319.05,330.88,322.43,329.85,48
108321,2021-11-22,319,346.47,335.17,319.56,48
108321,2021-11-23,308.8,323.6,315.35,317.46,48
108321,2021-11-24,309.28,328.55,314.61,326.74,48
108321,2021-11-26,313.5,327.1,326,315.03,48
108321,2021-11-29,320.36,334.12,323.66,333.76,48
108321,2021-11-30,318.6401,333.53,331.69,326.76,48
108321,2021-12-01,313.8,332.8934,332.1947,314.35,48
108321,2021-12-02,310.25,324.7799,312.14,321.26,48
108321,2021-12-03,301.3,321.29,320,306.93,48
108321,2021-12-06,280.38,302.41,298.8,300.37,48
108321,2021-12-07,306.51,324.49,309.57,324.27,48
108321,2021-12-08,314.2101,322.9,319.99,318.26,48
108321,2021-12-09,304.28,322.05,317.34,304.9,48
108321,2021-12-10,298.61,313.05,311.5,301.98,48
108321,2021-12-13,281.16,302.94,302.49,281.61,48
108321,2021-12-14,272.5,286.78,276.99,283.37,48
108321,2021-12-15,278.38,305,284,304.59,48
108321,2021-12-16,280.93,311.6,311.52,283.87,48
108321,2021-12-17,277.6,289.22,279.85,278.01,48
108321,2021-12-20,271.45,281.44,273.05,277.19,48
108321,2021-12-21,274.01,291.2,283.74,290.75,48
108321,2021-12-22,284.49,295.55,288.91,294,48
108321,2021-12-23,294.3101,300.59,297.55,296.4,48
108321,2021-12-27,296.4,310.865,296.6,309.45,48
108321,2021-12-28,300.1181,313.3,313.12,303.22,48
108321,2021-12-29,293.66,305.48,302.725,300.01,48
108321,2021-12-30,295.4,304.57,298.27,295.86,48
108321,2021-12-31,293.3057,300.3,296.74,294.11,48
108321,2022-01-03,297.85,307.11,298.15,301.21,48
108321,2022-01-04,283.49,304.68,302.77,292.9,48
108321,2022-01-05,275.33,294.16,289.49,276.04,48
108321,2022-01-06,270.65,284.3799,276.4,281.78,48
108321,2022-01-07,270.57,284.22,281.41,272.47,48
108321,2022-01-10,256.4384,274.69,265.81,274,48
108321,2022-01-11,268.39,280.65,273.225,278.17,48
108321,2022-01-12,276.08,285.95,280.665,279.99,48
108321,2022-01-13,264.98,284.8,283.79,265.75,48
108321,2022-01-14,262.1001,271.969,263,269.42,48
108321,2022-01-18,257.7,266.38,262.6,259.03,48
108321,2022-01-19,250.52,265.4317,260.79,250.67,48
108321,2022-01-20,240.78,255.7904,253.04,241.5,48
108321,2022-01-21,232.63,248.23,235.07,233.74,48
108321,2022-01-24,208.88,233.8,223.3,233.72,48
108321,2022-01-25,220,229.43,225.46,223.24,48
108321,2022-01-26,223,240.57,232.4,227.72,48
108321,2022-01-27,216.75,239.95,235.68,219.44,48
108321,2022-01-28,212.96,228.58,220.1215,228.4,48
108321,2022-01-31,230.52,245.09,231.82,244.86,48
108321,2022-02-01,238.9001,251.45,251.04,246.38,48
108321,2022-02-02,245.5301,258.17,257.94,252.42,48
108321,2022-02-03,237.8,250.77,244.58,239.48,48
108321,2022-02-04,236.32,246.35,239.72,243.19,48
108321,2022-02-07,242.02,251.82,243.72,247.28,48
108321,2022-02-08,239.8,252.3,243.59,251.08,48
108321,2022-02-09,253.53,267.25,256.22,267.05,48
108321,2022-02-10,256,269.2499,259.95,258.24,48
108321,2022-02-11,237.73,261.52,259.16,239.49,48
108321,2022-02-14,237.55,248.75,239.34,242.67,48
108321,2022-02-15,247.84,265.45,249.49,264.95,48
108321,2022-02-16,255.52,265.82,262.59,265.11,48
108321,2022-02-17,241.65,257.85,256.3,245.07,48
108321,2022-02-18,231,249.86,246.675,236.42,48
108321,2022-02-22,230,240.6399,230.35,233.9,48
108321,2022-02-23,223.01,241.5499,238.02,223.87,48
108321,2022-02-24,208.9,238,210.15,237.48,48
108321,2022-02-25,233.81,242.17,237.21,241.57,48
108321,2022-02-28,237.0701,246.65,239.92,243.85,48
108321,2022-03-01,231.32,243.77,242.91,234.77,48
108321,2022-03-02,234.15,244.09,237.56,242.2,48
108321,2022-03-03,234.69,243.2599,242.615,237.14,48
108321,2022-03-04,224.82,236.8,233.84,229.36,48
108321,2022-03-07,213.3,230.33,228.17,213.52,48
108321,2022-03-08,206.5,223.7299,213.09,215.14,48
108321,2022-03-09,222.47,232.2,223.87,230.14,48
108321,2022-03-10,218.82,227.88,225.31,226.58,48
108321,2022-03-11,220.46,231.45,230.22,221,48
108321,2022-03-14,211.5901,222.62,218.69,213.3,48
108321,2022-03-15,213.2201,230.38,215.18,229.73,48
108321,2022-03-16,231.72,245.97,235,244.96,48
108321,2022-03-17,239.06,248.42,241.2,247.66,48
108321,2022-03-18,246.24,265.6899,247.99,264.53,48
108321,2022-03-21,259.67,271.5199,265.07,267.34,48
108321,2022-03-22,260.72,272.38,267.27,265.24,48
108321,2022-03-23,255.7501,266.115,261.26,256.34,48
108321,2022-03-24,259.07,283.1999,261.66,281.5,48
108321,2022-03-25,272.71,283.58,278.86,276.92,48
108321,2022-03-28,272.06,282.5,277.555,282.19,48
108321,2022-03-29,279.8,289.46,286.945,286.56,48
108321,2022-03-30,275.03,284.955,283.04,276.9,48
108321,2022-03-31,272.7,282.48,277.82,272.86,48
108321,2022-04-01,262.67,274.96,273.75,267.12,48
108321,2022-04-04,266.13,275.58,267.28,273.6,48
108321,2022-04-05,258.2,273.19,272.54,259.31,48
108321,2022-04-06,240.03,253,249.34,244.07,48
108321,2022-04-07,234.78,247.22,244.41,242.08,48
108321,2022-04-08,230.6201,239.23,239.17,231.19,48
108321,2022-04-11,216.6,223.1994,222.14,219.17,48
108321,2022-04-12,212.8204,227.25,225.37,215.04,48
108321,2022-04-13,214.55,225,217.28,222.03,48
108321,2022-04-14,211.63,227.77,225.05,212.58,48
108321,2022-04-18,210.79,220.88,212,217.83,48
108321,2022-04-19,213.14,223.73,217.2,221.98,48
108321,2022-04-20,212,226.7037,225.171,214.82,48
108321,2022-04-21,200,223.92,217.0915,201.83,48
108321,2022-04-22,195,204.86,203.03,195.15,48
108321,2022-04-25,190.96,199.45,192.02,199.02,48
108321,2022-04-26,186.7,197.88,197.18,187.88,48
108321,2022-04-27,182.9,191.67,185.98,184.15,48
108321,2022-04-28,184.8957,200.37,189.67,197.82,48
108321,2022-04-29,185.17,201.2848,194.02,185.47,48
108321,2022-05-02,183.91,195.74,185.405,195.33,48
108321,2022-05-03,191.33,198.25,194,196.02,48
108321,2022-05-04,187.51,204,199.23,203.34,48
108321,2022-05-05,185,199.25,198.67,188.44,48
108321,2022-05-06,179.9,195.12,187.36,186.75,48
108321,2022-05-09,168.27,182.55,180.34,169.5,48
108321,2022-05-10,170.25,181.98,176.89,175.95,48
108321,2022-05-11,165.68,177.53,173.47,166.3,48
108321,2022-05-12,155.67,167.88,162.191,161.75,48
108321,2022-05-13,165.925,179.2843,167.88,177.06,48
108321,2022-05-16,171.06,177.88,175.09,172.64,48
108321,2022-05-17,176.34,183.71,180.74,181.77,48
108321,2022-05-18,168.64,181.18,177.05,169.38,48
108321,2022-05-19,167.3405,176.87,169.37,171.24,48
108321,2022-05-20,157.55,174.1,173.32,166.94,48
108321,2022-05-23,161.7901,169.15,162.74,168.98,48
108321,2022-05-24,157.8,165.97,165.1,161.54,48
108321,2022-05-25,160,171.1099,160.2,169.75,48
108321,2022-05-26,160.22,180.92,160.36,178.51,48
108321,2022-05-27,181,188.81,181.86,188.11,48
108321,2022-05-31,183.5,192,189.8,186.72,48
108321,2022-06-01,181.22,190.5318,187.24,183.2,48
108321,2022-06-02,181.98,196.19,182.92,195.92,48
108321,2022-06-03,185.2156,193.323,190.815,187.2,48
108321,2022-06-06,185.642,193.37,191.39,187.86,48
108321,2022-06-07,181.88,190,184.72,189.26,48
108321,2022-06-08,185.35,191.8,187.99,186.48,48
108321,2022-06-09,180.41,189.33,184.81,180.48,48
108321,2022-06-10,168.69,176.97,176,169.74,48
108321,2022-06-13,156.06,163.12,160,156.47,48
108321,2022-06-14,154.12,160.66,157.31,158.36,48
108321,2022-06-15,159.26,168.68,160.95,165.27,48
108321,2022-06-16,154.01,159.4232,158.6,156.01,48
108321,2022-06-17,153.28,159.95,156.48,158.8,48
108321,2022-06-21,164.07,170.08,164.745,165.66,48
108321,2022-06-22,161.8,166.62,162.26,163.6,48
108321,2022-06-23,158.53,165.85,165.185,162.25,48
108321,2022-06-24,163.1,171.4,165,171.26,48
108321,2022-06-27,166.255,173.3,173.12,168.69,48
108321,2022-06-28,159.45,172.0199,169,159.82,48
108321,2022-06-29,151.7,158.2,158.14,155.42,48
108321,2022-06-30,148.62,155.67,153.61,151.59,48
108321,2022-07-01,143.92,150.6291,148.99,145.23,48
108321,2022-07-05,140.55,149.71,141.75,149.64,48
108321,2022-07-06,147.89,153.1899,150.1,151.3,48
108321,2022-07-07,153.89,159.45,154.555,158.58,48
108321,2022-07-08,153.89,160.3699,154.3,158.38,48
108321,2022-07-11,150.3801,155.2699,155.26,151.52,48
108321,2022-07-12,148.77,154.31,152.68,150.82,48
108321,2022-07-13,144.65,153.75,145.9,151.64,48
108321,2022-07-14,147.28,154.7299,151.08,153.72,48
108321,2022-07-15,154.45,157.82,156.59,157.62,48
108321,2022-07-18,160.02,168.97,163.02,161.01,48
108321,2022-07-19,161.7201,171.1,164.86,169.92,48
108321,2022-07-20,168.01,179.325,169.47,178.07,48
108321,2022-07-21,175.4456,181.44,178.85,180.5,48
108321,2022-07-22,171.365,179.67,178.93,173.19,48
108321,2022-07-25,166.49,171.24,170.19,170.24,48
108321,2022-07-26,164.78,169.19,168.89,165.33,48
108321,2022-07-27,169.1301,179.36,170.32,177.9,48
108321,2022-07-28,174.4,181.4,179.75,179.84,48
108321,2022-07-29,176.92,182.44,178.13,181.63,48
108321,2022-08-01,179.9,188.46,181.82,184.41,48
108321,2022-08-02,180.92,189.3753,181.22,185.26,48
108321,2022-08-03,181.37,189.68,181.84,188.93,48
108321,2022-08-04,187.6,192.74,188.49,192.15,48
108321,2022-08-05,186.66,192.2892,188.1,189.89,48
108321,2022-08-08,172.42,182.39,175.02,177.93,48
108321,2022-08-09,167.24,174.4719,172.52,170.86,48
108321,2022-08-10,173.1701,181.18,176.98,180.97,48
108321,2022-08-11,178.76,187.07,181.31,179.42,48
108321,2022-08-12,179.53,187.18,181.6,187.09,48
108321,2022-08-15,186.13,191.64,187.01,190.32,48
108321,2022-08-16,185.01,191.42,189.195,188.79,48
108321,2022-08-17,181.45,186.88,185.23,183.35,48
108321,2022-08-18,181.83,188.6499,183.01,187.73,48
108321,2022-08-19,177.7,185.2,184.06,178.49,48
108321,2022-08-22,169.66,175.58,174.9,170.34,48
108321,2022-08-23,169.7,174.65,169.885,171.81,48
108321,2022-08-24,168.95,174.06,170.12,172.22,48
108321,2022-08-25,168.33,179.47,168.44,179.13,48
108321,2022-08-26,162.37,179.24,178.57,162.6,48
108321,2022-08-29,157.67,163.38,160.2,158.01,48
108321,2022-08-30,151.82,160.39,159.6,154.68,48
108321,2022-08-31,149.5851,155.4,153.84,150.94,48
108321,2022-09-01,132.7021,143.8,142.09,139.37,48
108321,2022-09-02,135.91,141.71,141,136.47,48
108321,2022-09-06,133.51,137.79,137.31,134.65,48
108321,2022-09-07,133.46,138.38,135.63,137.14,48
108321,2022-09-08,133.69,140.08,134.59,139.9,48
108321,2022-09-09,141.26,144.74,141.57,143.87,48
108321,2022-09-12,141.98,145.47,143.69,145.05,48
108321,2022-09-13,130.99,139.22,138.02,131.31,48
108321,2022-09-14,129.13,132.8999,132.54,131.28,48
108321,2022-09-15,127.9,132.3299,130.152,129.29,48
108321,2022-09-16,126.17,132.12,127.415,131.98,48
108321,2022-09-19,130.1,134.63,130.12,133.82,48
108321,2022-09-20,130.57,134.8276,132.145,131.76,48
108321,2022-09-21,131.1,140.31,132.13,132.61,48
108321,2022-09-22,124.28,131.4897,130.7,125.61,48
108321,2022-09-23,122.57,126.11,124.2,125.16,48
108321,2022-09-26,122.14,126.59,124.91,122.28,48
108321,2022-09-27,122.58,127.36,125.07,124.13,48
108321,2022-09-28,123.5386,128.23,124.1,127.36,48
108321,2022-09-29,119.4601,125,124.48,122.2,48
108321,2022-09-30,120.75,126.33,120.87,121.39,48
108321,2022-10-03,121.05,126.78,123.47,125.12,48
108321,2022-10-04,128.79,132.2,128.79,131.67,48
108321,2022-10-05,126.21,133.21,129.107,132.09,48
108321,2022-10-06,131.03,136.56,132.2,131.3,48
108321,2022-10-07,120.22,126.7,125.05,120.76,48
108321,2022-10-10,114.0812,121.2432,120.37,116.7,48
108321,2022-10-11,112.83,118.46,115.61,115.86,48
108321,2022-10-12,113.45,117.35,115.79,115,48
108321,2022-10-13,108.13,120.7799,109.71,119.6,48
108321,2022-10-14,112.04,121.11,120.57,112.27,48
108321,2022-10-17,115.17,119.48,115.18,118.88,48
108321,2022-10-18,116.18,124.92,123.44,119.67,48
108321,2022-10-19,118.34,123.5,118.79,120.51,48
108321,2022-10-20,121.05,127.69,121.13,121.94,48
108321,2022-10-21,118.87,124.98,120.982,124.66,48
108321,2022-10-24,120.64,127.1,125.08,125.99,48
108321,2022-10-25,126.64,133,126.935,132.61,48
108321,2022-10-26,127.08,133.88,128.69,128.96,48
108321,2022-10-27,131.22,138.38,136.3,131.76,48
108321,2022-10-28,130.61,138.5,131.04,138.34,48
108321,2022-10-31,132.97,138.38,137.78,134.97,48
108321,2022-11-01,135.19,139.25,138.11,135.43,48
108321,2022-11-02,132.1124,142.1,138.5,132.19,48
108321,2022-11-03,129.56,137.81,130.43,134.21,48
108321,2022-11-04,136.97,142.29,139.86,141.56,48
108321,2022-11-07,139.54,144.12,142.28,143.01,48
108321,2022-11-08,142.16,148.9101,148.01,146.02,48
108321,2022-11-09,137.5901,142.11,141.615,137.76,48
108321,2022-11-10,145.47,157.73,148,157.5,48
108321,2022-11-11,154.82,163.89,158.075,163.27,48
108321,2022-11-14,159.22,165.4,162.18,162.95,48
108321,2022-11-15,163.82,169.98,167.215,166.66,48
108321,2022-11-16,158.73,163.62,161.615,159.1,48
108321,2022-11-17,155.35,162.66,157.15,156.77,48
108321,2022-11-18,151.2001,160.02,159.66,154.09,48
108321,2022-11-21,150.8,154.77,151.47,153.17,48
108321,2022-11-22,151.216,160.5757,153.28,160.38,48
108321,2022-11-23,160.4801,165.27,160.98,165.19,48
108321,2022-11-25,161.72,164.87,163.18,162.7,48
108321,2022-11-28,157.25,163.57,160.26,158.27,48
108321,2022-11-29,155.2,159.32,158.27,156.39,48
108321,2022-11-30,155.97,169.3,156.97,169.23,48
108321,2022-12-01,166.35,172.65,169.99,171.35,48
108321,2022-12-02,164.45,169.3257,166.59,168.76,48
108321,2022-12-05,164.7201,169.95,166.79,166.1,48
108321,2022-12-06,158.19,165.73,165.3,159.87,48
108321,2022-12-07,156.67,161.86,157.72,161.2,48
108321,2022-12-08,159.59,171.79,162.73,171.69,48
108321,2022-12-09,169.75,175.83,171.6,170.01,48
108321,2022-12-12,167.97,175.38,170.37,175.35,48
108321,2022-12-13,177.11,187.9,185.31,180.72,48
108321,2022-12-14,174.2,182.52,179.87,176.74,48
108321,2022-12-15,167,173.2,171.46,169.52,48
108321,2022-12-16,164.1,170.41,168.642,165.71,48
108321,2022-12-19,161.45,166.09,165.72,162.54,48
108321,2022-12-20,158.52,163.1,160.64,160.85,48
108321,2022-12-21,161.02,166.27,161.14,165.01,48
108321,2022-12-22,148.82,161.38,160.935,153.39,48
108321,2022-12-23,148.83,153.39,151.96,152.06,48
108321,2022-12-27,140.56,151,150.74,141.21,48
108321,2022-12-28,138.84,142.62,139.27,140.36,48
108321,2022-12-29,142.27,146.83,144.02,146.03,48
108321,2022-12-30,142.33,146.2899,143.34,146.14,48
108321,2023-01-03,140.96,149.96,148.51,143.15,48
108321,2023-01-04,142.41,148.53,145.67,147.49,48
108321,2023-01-05,141.4795,145.64,144.91,142.65,48
108321,2023-01-06,140.34,150.1,144.74,148.59,48
108321,2023-01-09,151.41,160.56,152.84,156.28,48
108321,2023-01-10,154.72,159.6199,155.07,159.09,48
108321,2023-01-11,155.63,160.28,158.3951,160.01,48
108321,2023-01-12,154.92,166.37,161,165.11,48
108321,2023-01-13,161.65,169.22,162.78,168.99,48
108321,2023-01-17,168.99,177.28,168.99,177.02,48
108321,2023-01-18,172.82,178.73,176.67,173.77,48
108321,2023-01-19,167.31,171.97,170.36,167.65,48
108321,2023-01-20,168.25,178.56,170.11,178.39,48
108321,2023-01-23,178.175,192.45,180.64,191.93,48
108321,2023-01-24,188.2,194.95,188.27,192.65,48
108321,2023-01-25,185.8,193.7,189.125,193.23,48
108321,2023-01-26,192.78,201.66,197.01,198.02,48
108321,2023-01-27,194.05,206.28,194.62,203.65,48
108321,2023-01-30,191.5,201.4,199.5,191.62,48
108321,2023-01-31,189.5,196.87,191.695,195.37,48
108321,2023-02-01,196.11,211.92,196.91,209.43,48
108321,2023-02-02,207,219.49,210,217.09,48
108321,2023-02-03,207.89,217.4499,210,211,48
108321,2023-02-06,207.86,215.7,208.06,210.89,48
108321,2023-02-07,211.5,222.59,213.82,221.73,48
108321,2023-02-08,220.0801,228.78,223.87,222.05,48
108321,2023-02-09,221.2,230.2,226.06,223.37,48
108321,2023-02-10,208.11,220.7764,216.9,212.65,48
108321,2023-02-13,209.62,220.48,215.38,217.88,48
108321,2023-02-14,213.66,230.488,215.78,229.71,48
108321,2023-02-15,221.06,228.55,225.49,227.64,48
108321,2023-02-16,219.268,225.5,221.33,220.02,48
108321,2023-02-17,209.75,217.4,216.31,213.88,48
108321,2023-02-21,206.18,214.938,210,206.55,48
108321,2023-02-22,204.21,211.04,207.07,207.54,48
108321,2023-02-23,230.25,238.88,234.4,236.64,48
108321,2023-02-24,229.47,234.74,232.25,232.86,48
108321,2023-02-27,234.54,238.7994,236.7,235.01,48
108321,2023-02-28,232.06,238.25,233.72,232.16,48
108321,2023-03-01,225.08,232.5557,231.92,226.98,48
108321,2023-03-02,224.32,233.804,224.88,233.14,48
108321,2023-03-03,231.3,239,233.2,238.9,48
108321,2023-03-06,234.87,242.48,238.91,235.54,48
108321,2023-03-07,232.41,241.25,236,232.88,48
108321,2023-03-08,234.235,242,234.87,241.81,48
108321,2023-03-09,233.8284,244.54,241.75,234.36,48
108321,2023-03-10,227.26,236.27,234.09,229.65,48
108321,2023-03-13,222.97,232.98,227.52,229.66,48
108321,2023-03-14,234.6,242.19,234.96,240.63,48
108321,2023-03-15,233.6,242.86,237.61,242.28,48
108321,2023-03-16,238.94,255.88,240.27,255.41,48
108321,2023-03-17,256.68,263.99,259.82,257.25,48
108321,2023-03-20,251.2983,260.24,256.15,259,48
108321,2023-03-21,253.81,263.92,261.8,261.99,48
108321,2023-03-22,262.37,275.89,264.25,264.68,48
108321,2023-03-23,266.9,274.99,271.155,271.91,48
108321,2023-03-24,263.55,271.67,270.31,267.79,48
108321,2023-03-27,263.65,270,268.37,265.31,48
108321,2023-03-28,258.5,265.13,264.47,264.1,48
108321,2023-03-29,265.97,270.78,268.25,269.84,48
108321,2023-03-30,271.02,274.99,272.29,273.83,48
108321,2023-03-31,271.05,278.3431,271.4,277.77,48
108321,2023-04-03,273.36,280,275.09,279.65,48
108321,2023-04-04,273.07,280,279.66,274.53,48
108321,2023-04-05,263.95,269.98,268.29,268.81,48
108321,2023-04-06,264.27,270.8,265.84,270.37,48
108321,2023-04-10,266.69,276.2099,268.23,275.79,48
108321,2023-04-11,271.26,277.9,277.235,271.69,48
108321,2023-04-12,264.475,274.6799,273.7,264.95,48
108321,2023-04-13,263.29,268.869,267.34,264.63,48
108321,2023-04-14,262.2,268.83,265.04,267.58,48
108321,2023-04-17,264.3318,270.06,265.655,270.02,48
108321,2023-04-18,273.57,281.1,275.335,276.67,48
108321,2023-04-19,272.32,280,273.61,279.31,48
108321,2023-04-20,270,280.3,276.71,271.04,48
108321,2023-04-21,267.22,271.83,269.52,271.19,48
108321,2023-04-24,266.7101,273.6599,270.13,270.42,48
108321,2023-04-25,262.25,272.47,270.78,262.41,48
108321,2023-04-26,267.051,273.3,270.02,269.56,48
108321,2023-04-27,266.2501,274.95,273.63,272.26,48
108321,2023-04-28,270.7148,277.58,272.25,277.49,48
108321,2023-05-01,277.8,290.5844,278.4,289.1,48
108321,2023-05-02,280.83,288.3599,286.8,282.1,48
108321,2023-05-03,274.72,283.67,278.4,278.02,48
108321,2023-05-04,272.4,278.59,276.51,275.62,48
108321,2023-05-05,277.31,287.55,278.255,286.8,48
108321,2023-05-08,283.5,292.2,285.22,291.51,48
108321,2023-05-09,284.5,289.73,288.99,285.71,48
108321,2023-05-10,284.6128,291.13,290.05,288.85,48
108321,2023-05-11,282.46,289.5,288.96,285.78,48
108321,2023-05-12,280.46,287.8,285.29,283.4,48
108321,2023-05-15,281.52,289.69,285.085,289.53,48
108321,2023-05-16,288.32,298.7,288.41,292.13,48
108321,2023-05-17,294.3001,301.99,295.84,301.78,48
108321,2023-05-18,303.2,318.28,304.1,316.78,48
108321,2023-05-19,309.16,315.8,315.36,312.64,48
108321,2023-05-22,306.8,315.2,309.01,311.76,48
108321,2023-05-23,306.31,312.88,310,306.88,48
108321,2023-05-24,298.06,306.07,302.1,305.38,48
108321,2023-05-25,366.35,394.8,385.23,379.8,48
108321,2023-05-26,375.5,391.7,378.9,389.46,48
108321,2023-05-30,399.49,419.38,405.95,401.11,48
108321,2023-05-31,378.22,402.95,394.88,378.34,48
108321,2023-06-01,383.4,400.5,384.89,397.7,48
108321,2023-06-02,390.5801,405,400.97,393.27,48
108321,2023-06-05,387.07,395.6503,389.09,391.71,48
108321,2023-06-06,381.48,391.6,388.3,386.54,48
108321,2023-06-07,373.56,394.99,389.15,374.75,48
108321,2023-06-08,375.05,388.64,377.24,385.1,48
108321,2023-06-09,385.67,397.11,390.37,387.7,48
108321,2023-06-12,386.18,395.2999,392,394.82,48
108321,2023-06-13,397.4,411.01,401.86,410.22,48
108321,2023-06-14,405.52,430,408.24,429.97,48
108321,2023-06-15,421.47,432.89,426.02,426.53,48
108321,2023-06-16,426.605,437.21,434.5,426.92,48
108321,2023-06-20,426.74,439.9,429.98,438.08,48
108321,2023-06-21,420.8,436.15,435.01,430.45,48
108321,2023-06-22,422.34,434.255,422.53,430.25,48
108321,2023-06-23,420.15,428.09,424.64,422.09,48
108321,2023-06-26,401,427.64,424.61,406.32,48
108321,2023-06-27,404.48,419.4,407.99,418.76,48
108321,2023-06-28,405.18,418.45,406.6,411.17,48
108321,2023-06-29,406,416,415.58,408.22,48
108321,2023-06-30,415.01,425.5,416.8,423.02,48
108321,2023-07-03,422.02,428.98,425.17,424.13,48
108321,2023-07-05,420.85,431.77,421.35,423.17,48
108321,2023-07-06,413.46,421.79,418.44,421.03,48
108321,2023-07-07,421.8,432.14,423.22,425.03,48
108321,2023-07-10,416.49,428.11,426.57,421.8,48
108321,2023-07-11,420.67,427.58,424.81,424.05,48
108321,2023-07-12,427.7728,439.35,430.33,439.02,48
108321,2023-07-13,444.92,461.55,445.18,459.77,48
108321,2023-07-14,450.6,480.88,465.8281,454.69,48
108321,2023-07-17,452.6241,464.96,462.89,464.61,48
108321,2023-07-18,457.34,478.9599,467.01,474.94,48
108321,2023-07-19,467.42,478.18,474.64,470.77,48
108321,2023-07-20,450.62,470.87,465.07,455.2,48
108321,2023-07-21,441,458.66,457.88,443.09,48
108321,2023-07-24,440.4,451.09,447.31,446.12,48
108321,2023-07-25,449.23,461.825,449.41,456.79,48
108321,2023-07-26,446.3,460.53,460.21,454.52,48
108321,2023-07-27,457.5,473.95,465.19,459,48
108321,2023-07-28,463.81,470.27,466.68,467.5,48
108321,2023-07-31,465.0601,471.3,467.54,467.29,48
108321,2023-08-01,460.27,469,464.595,465.07,48
108321,2023-08-02,433.87,458.4,458.31,442.69,48
108321,2023-08-03,438,451.18,438,445.15,48
108321,2023-08-04,443.93,456.42,449.85,446.8,48
108321,2023-08-07,445.6345,455.4,451.11,454.165,48
108321,2023-08-08,440.5601,452.42,448.53,446.64,48
108321,2023-08-09,421.34,443.12,442.74,425.54,48
108321,2023-08-10,418.35,435.74,421.6,423.88,48
108321,2023-08-11,406.39,420.18,417.51,408.55,48
108321,2023-08-14,403.11,438,404.86,437.53,48
108321,2023-08-15,437.1,452.68,445.6,439.4,48
108321,2023-08-16,434.06,446.75,445.2,434.86,48
108321,2023-08-17,430.01,440.62,439.7,433.435,48
108321,2023-08-18,416.6,435.7799,426.35,432.99,48
108321,2023-08-21,442.22,470.65,444.94,469.67,48
108321,2023-08-22,453.331,481.87,481.35,456.68,48
108321,2023-08-23,452.08,472,458.66,471.16,48
108321,2023-08-24,471.59,502.66,502.16,471.63,48
108321,2023-08-25,450.24,478.05,470.12,460.18,48
108321,2023-08-28,448.88,469.8,464.82,468.35,48
108321,2023-08-29,463.9101,490.81,466.66,487.84,48
108321,2023-08-30,484.25,499.27,490.44,492.64,48
108321,2023-08-31,489.58,497.44,493.8,493.55,48
108321,2023-09-01,481.416,498,497.62,485.09,48
108321,2023-09-05,478.6,488.5081,482.23,485.48,48
108321,2023-09-06,465.8,485.49,484.41,470.61,48
108321,2023-09-07,451.52,463.44,455.25,462.41,48
108321,2023-09-08,452.71,466.06,459.42,455.72,48
108321,2023-09-11,443.12,461.63,461.48,451.78,48
108321,2023-09-12,445.31,456.73,447.38,448.7,48
108321,2023-09-13,445.03,459.3,446,454.85,48
108321,2023-09-14,451.31,459.8699,459.5,455.81,48
108321,2023-09-15,438.08,455.99,453.41,439,48
108321,2023-09-18,420,442.42,427.48,439.66,48
108321,2023-09-19,430.02,439.66,438.33,435.2,48
108321,2023-09-20,422.23,439.03,436,422.39,48
108321,2023-09-21,409.8,421,415.83,410.17,48
108321,2023-09-22,412.31,421.15,415.72,416.1,48
108321,2023-09-25,411.77,425.36,415.91,422.22,48
108321,2023-09-26,416.55,428.2,420.01,419.11,48
108321,2023-09-27,416.2901,428.72,423.3,424.68,48
108321,2023-09-28,421.15,434.4631,424.6,430.89,48
108321,2023-09-29,433.0694,441.44,438.27,434.99,48
108321,2023-10-02,438.61,451.75,440.3,447.82,48
108321,2023-10-03,432.46,451.3,448.08,435.17,48
108321,2023-10-04,432.9201,441.43,437.42,440.41,48
108321,2023-10-05,438.88,449,440.5,446.88,48
108321,2023-10-06,440.26,457.89,441.93,457.62,48
108321,2023-10-09,443.68,456.05,448.42,452.73,48
108321,2023-10-10,450.88,462.59,453.1,457.98,48
108321,2023-10-11,460.5,468.59,461.96,468.06,48
108321,2023-10-12,463.3,476.09,467.77,469.45,48
108321,2023-10-13,452.8,471.16,469.6,454.61,48
108321,2023-10-16,449.12,462.25,450.63,460.95,48
108321,2023-10-17,424.8,447.54,440,439.38,48
108321,2023-10-18,418.25,432.19,425.91,421.96,48
108321,2023-10-19,418.82,432.97,428.11,421.01,48
108321,2023-10-20,410.78,424.7,418.9,413.87,48
108321,2023-10-23,409.45,432.4799,412.29,429.75,48
108321,2023-10-24,426.91,436.97,430.77,436.63,48
108321,2023-10-25,415.55,436.5,433.98,417.79,48
108321,2023-10-26,398.8019,422.5555,418.53,403.26,48
108321,2023-10-27,400.15,412.06,411.3,405,48
108321,2023-10-30,404.81,417.66,410.87,411.61,48
108321,2023-10-31,392.3001,408.79,404.5,407.8,48
108321,2023-11-01,408.69,423.81,408.84,423.25,48
108321,2023-11-02,428.94,438.84,433.28,435.06,48
108321,2023-11-03,437.23,453.0899,440.2,450.05,48
108321,2023-11-06,448.99,459.35,452.845,457.51,48
108321,2023-11-07,451.575,462.18,457.19,459.55,48
108321,2023-11-08,459.68,468.67,461,465.74,48
108321,2023-11-09,467.5,482.3,474.67,469.5,48
108321,2023-11-10,472.8301,484.72,475,483.35,48
108321,2023-11-13,480.9901,491.16,483.2,486.2,48
108321,2023-11-14,490.4001,498.34,496.8,496.56,48
108321,2023-11-15,482,499.6,499.35,488.88,48
108321,2023-11-16,483.3,495.2469,486.79,494.8,48
108321,2023-11-17,490.07,497.17,495.24,492.98,48
108321,2023-11-20,491.8101,505.48,493.12,504.09,48
108321,2023-11-21,492.22,505.17,501.26,499.44,48
108321,2023-11-22,476.9,503.3494,498.52,487.16,48
108321,2023-11-24,477.45,489.21,484.7001,477.76,48
108321,2023-11-27,476.52,485.3,478,482.42,48
108321,2023-11-28,474.73,483.229,482.36,478.21,48
108321,2023-11-29,478.6,487.62,483.79,481.4,48
108321,2023-11-30,464.22,481.1,480.24,467.7,48
108321,2023-12-01,461.87,472,465.25,467.65,48
108321,2023-12-04,450.1,460.77,460.77,455.1,48
108321,2023-12-05,452.71,466,454.66,465.66,48
108321,2023-12-06,454.12,473.87,472.145,455.03,48
108321,2023-12-07,456.04,466.29,457,465.96,48
108321,2023-12-08,465.5,477.4085,465.95,475.06,48
108321,2023-12-11,458.3,475.31,474.91,466.27,48
108321,2023-12-12,460.46,476.66,460.46,476.57,48
108321,2023-12-13,476.08,485.94,476.29,480.88,48
108321,2023-12-14,474.22,486.7,483.9,483.5,48
108321,2023-12-15,481.2,494.04,481.94,488.9,48
108321,2023-12-18,491.5,504.3299,494,500.77,48
108321,2023-12-19,488.95,497,494.24,496.04,48
108321,2023-12-20,480.98,499.99,496.55,481.11,48
108321,2023-12-21,484.19,490.95,488.11,489.9,48
108321,2023-12-22,484.67,493.83,491.95,488.3,48
108321,2023-12-26,489.6,496,489.68,492.79,48
108321,2023-12-27,490.85,496.8,495.11,494.17,48
108321,2023-12-28,494.12,498.8399,496.43,495.22,48
108321,2023-12-29,487.51,499.97,498.13,495.22,48
108321,2024-01-02,475.95,492.95,492.44,481.68,48
108321,2024-01-03,473.2,481.841,474.85,475.69,48
108321,2024-01-04,475.08,485,477.67,479.98,48
108321,2024-01-05,483.0601,495.47,484.62,490.97,48
108321,2024-01-08,494.79,522.75,495.12,522.53,48
108321,2024-01-09,516.9,543.25,524.01,531.4,48
108321,2024-01-10,534.89,546,536.16,543.5,48
108321,2024-01-11,535.6,553.46,549.99,548.22,48
108321,2024-01-12,543.3008,549.7,546.2,547.1,48
108321,2024-01-16,549,568.3499,550.18,563.82,48
108321,2024-01-17,547.4,564.7068,563.47,560.53,48
108321,2024-01-18,561.07,576,572.6,571.07,48
108321,2024-01-19,572.25,595,579.89,594.91,48
108321,2024-01-22,590.7,603.31,600.49,596.54,48
108321,2024-01-23,585.85,599.1,595.7,598.73,48
108321,2024-01-24,599.38,628.49,603.04,613.62,48
108321,2024-01-25,608.5,627.19,623.5,616.17,48
108321,2024-01-26,605.73,617.83,609.6,610.31,48
108321,2024-01-29,609.07,624.89,612.32,624.65,48
108321,2024-01-30,622.6,634.93,629,627.74,48
108321,2024-01-31,607,622.6902,614.4,615.27,48
108321,2024-02-01,616.5,631.91,621,630.27,48
108321,2024-02-02,636.9,666,639.74,661.6,48
108321,2024-02-05,672.05,694.97,682.25,693.32,48
108321,2024-02-06,663,697.5399,696.3,682.23,48
108321,2024-02-07,676,702.2,683.19,700.99,48
108321,2024-02-08,694.55,707.94,700.74,696.41,48
108321,2024-02-09,702.12,721.85,705.33,721.33,48
108321,2024-02-12,712.5,746.11,726,722.48,48
108321,2024-02-13,696.2,734.5,704,721.28,48
108321,2024-02-14,719.38,742.36,732.02,739,48
108321,2024-02-15,724,739.75,738.69,726.58,48
108321,2024-02-16,725.01,744.02,741,726.13,48
108321,2024-02-20,677.34,719.56,719.47,694.52,48
108321,2024-02-21,662.48,688.88,680.06,674.72,48
108321,2024-02-22,742.2,785.75,750.25,785.38,48
108321,2024-02-23,775.7,823.94,807.9,788.17,48
108321,2024-02-26,785.05,806.4599,797,790.92,48
108321,2024-02-27,771.62,794.8,793.81,787.01,48
108321,2024-02-28,771.25,789.33,776.2,776.63,48
108321,2024-02-29,783.5,799.9,790.94,791.12,48
108321,2024-03-01,794.3503,823,800,822.79,48
108321,2024-03-04,837.19,876.95,841.3,852.37,48
108321,2024-03-05,834.1701,860.97,852.7,859.64,48
108321,2024-03-06,870.3001,897.24,880.22,887,48
108321,2024-03-07,896.0201,927.67,901.58,926.69,48
108321,2024-03-08,865.06,974,951.379,875.28,48
108321,2024-03-11,841.66,887.97,864.29,857.74,48
108321,2024-03-12,861.501,919.6,880.49,919.13,48
108321,2024-03-13,884.35,915.04,910.55,908.88,48
108321,2024-03-14,866,906.46,895.77,879.44,48
108321,2024-03-15,862.57,895.46,869.3,878.365,48
108321,2024-03-18,870.85,924.05,903.88,884.55,48
108321,2024-03-19,850.1,905.44,867,893.98,48
108321,2024-03-20,882.23,904.1,897.97,903.72,48
108321,2024-03-21,904.05,926.48,923,914.35,48
108321,2024-03-22,908.3401,947.7799,911.41,942.89,48
108321,2024-03-25,935.1,967.6599,939.41,950.02,48
108321,2024-03-26,925.02,963.75,958.51,925.61,48
108321,2024-03-27,891.23,932.4,931.12,902.5,48
108321,2024-03-28,891.93,913,900,903.56,48
108321,2024-04-01,892.04,922.25,902.99,903.63,48
108321,2024-04-02,876.2,900.94,884.48,894.52,48
108321,2024-04-03,884,903.74,884.84,889.64,48
108321,2024-04-04,858.8,906.3399,904.06,859.05,48
108321,2024-04-05,859.26,884.81,868.66,880.08,48
108321,2024-04-08,867.32,888.3,887,871.33,48
108321,2024-04-09,830.22,876.35,874.42,853.54,48
108321,2024-04-10,837.09,874,839.26,870.39,48
108321,2024-04-11,869.26,907.3899,874.2,906.16,48
108321,2024-04-12,875.3,901.7499,896.99,881.86,48
108321,2024-04-15,859.2901,906.13,890.98,860.01,48
108321,2024-04-16,860.639,881.18,864.325,874.15,48
108321,2024-04-17,839.5,887.75,883.4,840.35,48
108321,2024-04-18,824.02,861.8999,849.7,846.71,48
108321,2024-04-19,756.06,843.24,831.5,762,48
108321,2024-04-22,764,800.73,781.04,795.18,48
108321,2024-04-23,802.64,827.69,807.69,824.23,48
108321,2024-04-24,791.83,840.82,839.5,796.77,48
108321,2024-04-25,782.23,833.2299,788.6801,826.32,48
108321,2024-04-26,833.87,883.3093,838.18,877.35,48
108321,2024-04-29,852.66,879.92,875.95,877.57,48
108321,2024-04-30,863,888.19,872.4,864.02,48
108321,2024-05-01,812.5456,860,850.77,830.41,48
108321,2024-05-02,832,862.37,844.49,858.17,48
108321,2024-05-03,870.4,892.81,877.89,887.89,48
108321,2024-05-06,890.55,922.2,893.9,921.4,48
108321,2024-05-07,890.11,917.8099,910.98,905.54,48
108321,2024-05-08,894.2,911.94,894.825,904.12,48
108321,2024-05-09,882.31,910.72,905.29,887.47,48
108321,2024-05-10,892.27,914.01,903.045,898.78,48
108321,2024-05-13,885.29,909.98,904.78,903.99,48
108321,2024-05-14,889.34,916.51,895.99,913.56,48
108321,2024-05-15,915.99,948.62,924.72,946.3,48
108321,2024-05-16,941.03,958.1899,949.1,943.59,48
108321,2024-05-17,918.06,947.4,943.69,924.79,48
108321,2024-05-20,934.4,952,937.5,947.8,48
108321,2024-05-21,931.8,954,935.99,953.86,48
108321,2024-05-22,932.49,960.2,954.59,949.5,48
108321,2024-05-23,1015.2,1063.2,1020.28,1037.99,48
108321,2024-05-24,1030,1064.75,1044.49,1064.69,48
108321,2024-05-28,1098.83,1149.39,1102.44,1139.01,48
108321,2024-05-29,1109.01,1154.92,1130.5,1148.25,48
108321,2024-05-30,1096.63,1158.192,1146.5,1105,48
108321,2024-05-31,1069.4,1127.17,1125.2,1096.33,48
108321,2024-06-03,1120.03,1150,1136.21,1150,48
108321,2024-06-04,1140.45,1166,1157.16,1164.37,48
108321,2024-06-05,1174.68,1224.495,1183.71,1224.4,48
108321,2024-06-06,1183.2,1255.87,1240.48,1209.98,48
108321,2024-06-07,1180.22,1216.917,1197.7,1208.88,48
108321,2024-06-10,117.01,195.95,120.37,121.79,480
108321,2024-06-11,118.74,122.87,121.77,120.91,480
108321,2024-06-12,122.57,126.88,123.06,125.2,480
108321,2024-06-13,127.16,129.8,129.39,129.61,480
108321,2024-06-14,128.32,132.84,129.96,131.88,480
108321,2024-06-17,129.58,133.73,132.99,130.98,480
108321,2024-06-18,130.69,136.33,131.14,135.58,480
108321,2024-06-20,129.52,140.76,139.8,130.78,480
108321,2024-06-21,124.3,130.63,127.12,126.57,480
108321,2024-06-24,118.04,124.46,123.24,118.11,480
108321,2024-06-25,119.32,126.5,121.2,126.09,480
108321,2024-06-26,122.6,128.12,126.13,126.4,480
108321,2024-06-27,122.92,126.41,124.1,123.99,480
108321,2024-06-28,122.75,127.71,124.58,123.54,480
108321,2024-07-01,118.83,124.84,123.47,124.3,480
108321,2024-07-02,121.03,123.41,121.13,122.67,480
108321,2024-07-03,121.36,128.28,121.66,128.28,480
108321,2024-07-05,125.68,128.85,127.38,125.83,480
108321,2024-07-08,127.04,130.77,127.49,128.2,480
108321,2024-07-09,128.65,133.82,130.35,131.38,480
108321,2024-07-10,132.42,135.1,134.03,134.91,480
108321,2024-07-11,127.05,136.15,135.75,127.4,480
108321,2024-07-12,127.22,131.92,128.26,129.24,480
108321,2024-07-15,127.18,131.39,130.56,128.44,480
108321,2024-07-16,124.58,129.04,128.44,126.36,480
108321,2024-07-17,116.72,121.85,121.35,117.99,480
108321,2024-07-18,116.56,122.4,121.85,121.09,480
108321,2024-07-19,117.37,121.6,120.35,117.93,480
108321,2024-07-22,119.86,124.07,120.35,123.54,480
108321,2024-07-23,122.1,124.69,122.78,122.59,480
108321,2024-07-24,113.44,119.95,119.17,114.25,480
108321,2024-07-25,106.3,116.63,113.04,112.28,480
108321,2024-07-26,111.58,116.2,116.19,113.06,480
108321,2024-07-29,111.3,116.28,113.69,111.59,480
108321,2024-07-30,102.54,111.99,111.52,103.73,480
108321,2024-07-31,110.88,118.34,112.9,117.02,480
108321,2024-08-01,106.8104,120.16,117.53,109.21,480
108321,2024-08-02,101.37,108.72,103.76,107.27,480
108321,2024-08-05,90.69,103.41,92.06,100.45,480
108321,2024-08-06,100.55,107.71,103.84,104.25,480
108321,2024-08-07,98.69,108.8,107.81,98.91,480
108321,2024-08-08,97.52,105.5,102,104.97,480
108321,2024-08-09,103.43,106.6,105.64,104.75,480
108321,2024-08-12,106.26,111.07,106.32,109.02,480
108321,2024-08-13,111.58,116.23,112.44,116.14,480
108321,2024-08-14,114.07,118.6,118.53,118.08,480
108321,2024-08-15,117.47,123.24,118.76,122.86,480
108321,2024-08-16,121.18,125,121.94,124.58,480
108321,2024-08-19,123.42,130,124.28,130,480
108321,2024-08-20,125.89,129.88,128.4,127.25,480
108321,2024-08-21,126.66,129.35,127.315,128.5,480
108321,2024-08-22,123.1,130.75,130.02,123.74,480
108321,2024-08-23,125.22,129.6,125.86,129.37,480
108321,2024-08-26,124.37,131.26,129.57,126.46,480
108321,2024-08-27,123.88,129.2,125.05,128.3,480
108321,2024-08-28,122.64,128.33,128.12,125.61,480
108321,2024-08-29,116.71,124.43,121.355,117.59,480
108321,2024-08-30,117.22,121.75,119.53,119.37,480
108321,2024-09-03,107.29,116.21,116.01,108,480
108321,2024-09-04,104.12,113.27,105.41,106.21,480
108321,2024-09-05,104.76,109.65,104.985,107.21,480
108321,2024-09-06,100.95,108.15,108.04,102.83,480
108321,2024-09-09,103.69,106.55,104.88,106.47,480
108321,2024-09-10,104.95,109.4,107.81,108.1,480
108321,2024-09-11,107.42,117.19,109.39,116.91,480
108321,2024-09-12,115.38,120.79,116.84,119.14,480
108321,2024-09-13,117.6,119.955,119.08,119.1,480
108321,2024-09-16,114.36,118.18,116.79,116.78,480
108321,2024-09-17,114.83,118.8,118.17,115.59,480
108321,2024-09-18,113.22,117.7,115.89,113.37,480
108321,2024-09-19,117.25,119.66,117.35,117.87,480
108321,2024-09-20,115.3901,118.6181,117.06,116,480
108321,2024-09-23,114.86,116.99,116.55,116.26,480
108321,2024-09-24,115.38,121.8,116.515,120.87,480
108321,2024-09-25,121.61,124.94,122.02,123.51,480
108321,2024-09-26,121.8,127.665,126.8,124.04,480
108321,2024-09-27,119.26,124.03,123.97,121.4,480
108321,2024-09-30,118.15,121.5,118.31,121.44,480
108321,2024-10-01,115.79,122.4351,121.765,117,480
108321,2024-10-02,115.14,119.38,116.44,118.85,480
108321,2024-10-03,120.3401,124.36,120.92,122.85,480
108321,2024-10-04,121.83,125.04,124.94,124.92,480
108321,2024-10-07,124.95,130.64,124.99,127.72,480
108321,2024-10-08,129.42,133.48,130.26,132.89,480
108321,2024-10-09,131.38,134.52,134.11,132.65,480
108321,2024-10-10,131,135,131.91,134.81,480
108321,2024-10-11,133.66,135.78,134.01,134.8,480
108321,2024-10-14,136.3,139.6,136.47,138.07,480
108321,2024-10-15,128.74,138.57,137.87,131.6,480
108321,2024-10-16,131.58,136.62,133.98,135.72,480
108321,2024-10-17,136.87,140.89,139.34,136.93,480
108321,2024-10-18,137.28,138.9,138.665,138,480
108321,2024-10-21,138,143.71,138.13,143.71,480
108321,2024-10-22,141.78,144.42,142.91,143.59,480
108321,2024-10-23,137.46,142.43,142.03,139.56,480
108321,2024-10-24,138.46,141.35,140.82,140.41,480
108321,2024-10-25,140.8,144.13,140.93,141.54,480
108321,2024-10-28,140.05,143.14,143,140.52,480
108321,2024-10-29,138.9,142.2598,140.285,141.25,480
108321,2024-10-30,136.81,140.33,139.54,139.335,480
108321,2024-10-31,132.1106,137.61,137.6,132.76,480
108321,2024-11-01,134.57,137.31,134.7,135.4,480
108321,2024-11-04,135.57,138.96,137.21,136.05,480
108321,2024-11-05,137.33,140.3701,137.45,139.91,480
108321,2024-11-06,141.96,146.49,142.96,145.61,480
108321,2024-11-07,146.17,148.93,146.39,148.88,480
108321,2024-11-08,146.26,149.77,148.77,147.63,480
108321,2024-11-11,143.57,148.85,148.68,145.26,480
108321,2024-11-12,146.01,149.65,146.78,148.29,480
108321,2024-11-13,145.9,149.33,149.07,146.27,480
108321,2024-11-14,145.55,149,147.64,146.76,480
108321,2024-11-15,140.08,145.24,144.87,141.98,480
108321,2024-11-18,137.15,141.55,139.5,140.15,480
108321,2024-11-19,140.99,147.13,141.32,147.01,480
108321,2024-11-20,142.73,147.56,147.41,145.89,480
108321,2024-11-21,140.7,152.89,149.35,146.67,480
108321,2024-11-22,141.1,147.16,145.93,141.95,480
108321,2024-11-25,135.82,142.05,141.99,136.02,480
108321,2024-11-26,135.67,139.3,137.7,136.92,480
108321,2024-11-27,131.8,137.22,135.01,135.34,480
108321,2024-11-29,136.05,139.35,136.78,138.25,480
108321,2024-12-02,137.825,140.45,138.83,138.63,480
108321,2024-12-03,137.95,140.54,138.26,140.26,480
108321,2024-12-04,140.29,145.79,141.995,145.14,480
108321,2024-12-05,143.95,146.54,145.11,145.06,480
108321,2024-12-06,141.31,145.7,144.6,142.44,480
108321,2024-12-09,137.13,139.95,138.97,138.81,480
108321,2024-12-10,133.79,141.82,139.01,135.07,480
108321,2024-12-11,135.21,140.17,137.36,139.31,480
108321,2024-12-12,135.8,138.44,137.08,137.34,480
108321,2024-12-13,132.54,139.6,138.94,134.25,480
108321,2024-12-16,130.42,134.4,134.18,132,480
108321,2024-12-17,126.86,131.59,129.09,130.39,480
108321,2024-12-18,128.28,136.7,133.86,128.91,480
108321,2024-12-19,129.55,134.03,131.76,130.68,480
108321,2024-12-20,128.22,135.28,129.81,134.7,480
108321,2024-12-23,135.1201,139.79,136.28,139.67,480
108321,2024-12-24,138.65,141.9,140,140.22,480
108321,2024-12-26,137.73,140.85,139.7,139.93,480
108321,2024-12-27,134.71,139.02,138.55,137.01,480
108321,2024-12-30,134.02,140.27,134.83,137.49,480
108321,2024-12-31,133.83,138.07,138.03,134.29,480
